<?xml version="1.0"?>
<Table>
<Map><Unicode>0B83</Unicode><This>F0E0</This></Map>
<Map><Unicode>0B85</Unicode><This>F0B6</This></Map>
<Map><Unicode>0B86</Unicode><This>F067</This></Map>
<Map><Unicode>0B87</Unicode><This>F0D6</This></Map>
<Map><Unicode>0B88</Unicode><This>F07E</This></Map>
<Map><Unicode>0B89</Unicode><This>F063</This></Map>
<Map><Unicode>0B8A</Unicode><This>F0BB</This></Map>
<Map><Unicode>0B8E</Unicode><This>F0A8</This></Map>
<Map><Unicode>0B8F</Unicode><This>F0B0</This></Map>
<Map><Unicode>0B90</Unicode><This>F06E</This></Map>
<Map><Unicode>0B92</Unicode><This>F0CE</This></Map>
<Map><Unicode>0B93</Unicode><This>F07B</This></Map>
<Map><Unicode>0B94</Unicode><This>F0C1</This></Map>
<Map><Unicode>0B950BCD</Unicode><This>F0C2</This></Map>
<Map><Unicode>0B990BCD</Unicode><This>F0BA</This></Map>
<Map><Unicode>0B9A0BCD</Unicode><This>F0DF</This></Map>
<Map><Unicode>0B9E0BCD</Unicode><This>F0DE</This></Map>
<Map><Unicode>0B9F0BCD</Unicode><This>F0E2</This></Map>
<Map><Unicode>0BA30BCD</Unicode><This>F0F5</This></Map>
<Map><Unicode>0BA40BCD</Unicode><This>F0DD</This></Map>
<Map><Unicode>0BA80BCD</Unicode><This>F0CD</This></Map>
<Map><Unicode>0BAA0BCD</Unicode><This>F0A9</This></Map>
<Map><Unicode>0BAE0BCD</Unicode><This>F044</This></Map>
<Map><Unicode>0BAF0BCD</Unicode><This>F046</This></Map>
<Map><Unicode>0BB00BCD</Unicode><This>F0EC</This></Map>
<Map><Unicode>0BB20BCD</Unicode><This>F05F</This></Map>
<Map><Unicode>0BB50BCD</Unicode><This>F0CB</This></Map>
<Map><Unicode>0BB40BCD</Unicode><This>F0B5</This></Map>
<Map><Unicode>0BB30BCD</Unicode><This>F05E</This></Map>
<Map><Unicode>0BB10BCD</Unicode><This>F075</This></Map>
<Map><Unicode>0BA90BCD</Unicode><This>F05B</This></Map>
<Map><Unicode>0B9C0BCD</Unicode><This>F0EB</This></Map>
<Map><Unicode>0BB70BCD</Unicode><This>F069</This></Map>
<Map><Unicode>0BB80BCD</Unicode><This>F0FC</This></Map>
<Map><Unicode>0BB90BCD</Unicode><This>F0E3</This></Map>
<Map><Unicode>0B950BCD0BB70BCD</Unicode><This>F0D5</This></Map>
<Map><Unicode>0B95</Unicode><This>F0EF</This></Map>
<Map><Unicode>0B99</Unicode><This>F0F4</This></Map>
<Map><Unicode>0B9A</Unicode><This>F0C4</This></Map>
<Map><Unicode>0B9E</Unicode><This>F051</This></Map>
<Map><Unicode>0B9F</Unicode><This>F0A6</This></Map>
<Map><Unicode>0BA3</Unicode><This>F0F0</This></Map>
<Map><Unicode>0BA4</Unicode><This>F03E</This></Map>
<Map><Unicode>0BA8</Unicode><This>F0E5</This></Map>
<Map><Unicode>0BAA</Unicode><This>F0C3</This></Map>
<Map><Unicode>0BAE</Unicode><This>F05C</This></Map>
<Map><Unicode>0BAF</Unicode><This>F042</This></Map>
<Map><Unicode>0BB0</Unicode><This>F0AB</This></Map>
<Map><Unicode>0BB2</Unicode><This>F0E9</This></Map>
<Map><Unicode>0BB5</Unicode><This>F06B</This></Map>
<Map><Unicode>0BB4</Unicode><This>F077</This></Map>
<Map><Unicode>0BB3</Unicode><This>F065</This></Map>
<Map><Unicode>0BB1</Unicode><This>F0C5</This></Map>
<Map><Unicode>0BA9</Unicode><This>F0AA</This></Map>
<Map><Unicode>0B9C</Unicode><This>F0DB</This></Map>
<Map><Unicode>0BB7</Unicode><This>F0AD</This></Map>
<Map><Unicode>0BB8</Unicode><This>F076</This></Map>
<Map><Unicode>0BB9</Unicode><This>F0C7</This></Map>
<Map><Unicode>0B950BCD0BB7</Unicode><This>F0B3</This></Map>
<Map><Unicode>0B950BBE</Unicode><This>F0EFF056</This></Map>
<Map><Unicode>0B990BBE</Unicode><This>F0F4F056</This></Map>
<Map><Unicode>0B9A0BBE</Unicode><This>F0C4F056</This></Map>
<Map><Unicode>0B9E0BBE</Unicode><This>F051F056</This></Map>
<Map><Unicode>0B9F0BBE</Unicode><This>F0A6F056</This></Map>
<Map><Unicode>0BA30BBE</Unicode><This>F0F0F056</This></Map>
<Map><Unicode>0BA40BBE</Unicode><This>F03EF056</This></Map>
<Map><Unicode>0BA80BBE</Unicode><This>F0E5F056</This></Map>
<Map><Unicode>0BAA0BBE</Unicode><This>F0C3F056</This></Map>
<Map><Unicode>0BAE0BBE</Unicode><This>F05CF056</This></Map>
<Map><Unicode>0BAF0BBE</Unicode><This>F042F056</This></Map>
<Map><Unicode>0BB00BBE</Unicode><This>F0ABF056</This></Map>
<Map><Unicode>0BB20BBE</Unicode><This>F0E9F056</This></Map>
<Map><Unicode>0BB50BBE</Unicode><This>F06BF056</This></Map>
<Map><Unicode>0BB40BBE</Unicode><This>F077F056</This></Map>
<Map><Unicode>0BB30BBE</Unicode><This>F065F056</This></Map>
<Map><Unicode>0BB10BBE</Unicode><This>F0C5F056</This></Map>
<Map><Unicode>0BA90BBE</Unicode><This>F0AAF056</This></Map>
<Map><Unicode>0B9C0BBE</Unicode><This>F0DBF056</This></Map>
<Map><Unicode>0BB70BBE</Unicode><This>F0ADF056</This></Map>
<Map><Unicode>0BB80BBE</Unicode><This>F076F056</This></Map>
<Map><Unicode>0BB90BBE</Unicode><This>F0C7F056</This></Map>
<Map><Unicode>0B950BCD0BB70BBE</Unicode><This>F0B3F056</This></Map>
<Map><Unicode>0B950BBF</Unicode><This>F0FE</This></Map>
<Map><Unicode>0B990BBF</Unicode><This>F0F4</This></Map>
<Map><Unicode>0B9A0BBF</Unicode><This>F045</This></Map>
<Map><Unicode>0B9E0BBF</Unicode><This>F051</This></Map>
<Map><Unicode>0B9F0BBF</Unicode><This>F0BD</This></Map>
<Map><Unicode>0BA30BBF</Unicode><This>F0E8</This></Map>
<Map><Unicode>0BA40BBF</Unicode><This>F05D</This></Map>
<Map><Unicode>0BA80BBF</Unicode><This>F057</This></Map>
<Map><Unicode>0BAA0BBF</Unicode><This>F0B8</This></Map>
<Map><Unicode>0BAE0BBF</Unicode><This>F074</This></Map>
<Map><Unicode>0BAF0BBF</Unicode><This>F06C</This></Map>
<Map><Unicode>0BB00BBF</Unicode><This>F0F6</This></Map>
<Map><Unicode>0BB20BBF</Unicode><This>F06F</This></Map>
<Map><Unicode>0BB50BBF</Unicode><This>F073</This></Map>
<Map><Unicode>0BB40BBF</Unicode><This>F061</This></Map>
<Map><Unicode>0BB30BBF</Unicode><This>F0B9</This></Map>
<Map><Unicode>0BB10BBF</Unicode><This>F0A4</This></Map>
<Map><Unicode>0BA90BBF</Unicode><This>F04D</This></Map>
<Map><Unicode>0B9C0BBF</Unicode><This>F0F7</This></Map>
<Map><Unicode>0BB70BBF</Unicode><This>F0B4</This></Map>
<Map><Unicode>0BB80BBF</Unicode><This>F04C</This></Map>
<Map><Unicode>0BB90BBF</Unicode><This>F04E</This></Map>
<Map><Unicode>0B950BCD0BB70BBF</Unicode><This>F048</This></Map>
<Map><Unicode>0B950BC0</Unicode><This>F0FF</This></Map>
<Map><Unicode>0B990BC0</Unicode><This>F0F4</This></Map>
<Map><Unicode>0B9A0BC0</Unicode><This>F0E6</This></Map>
<Map><Unicode>0B9E0BC0</Unicode><This>F051</This></Map>
<Map><Unicode>0B9F0BC0</Unicode><This>F0CF</This></Map>
<Map><Unicode>0BA30BC0</Unicode><This>F0A7</This></Map>
<Map><Unicode>0BA40BC0</Unicode><This>F079</This></Map>
<Map><Unicode>0BA80BC0</Unicode><This>F0C0</This></Map>
<Map><Unicode>0BAA0BC0</Unicode><This>F0AC</This></Map>
<Map><Unicode>0BAE0BC0</Unicode><This>F02A</This></Map>
<Map><Unicode>0BAF0BC0</Unicode><This>F058</This></Map>
<Map><Unicode>0BB00BC0</Unicode><This>F05A</This></Map>
<Map><Unicode>0BB20BC0</Unicode><This>F0DC</This></Map>
<Map><Unicode>0BB50BC0</Unicode><This>F054</This></Map>
<Map><Unicode>0BB40BC0</Unicode><This>F0D1</This></Map>
<Map><Unicode>0BB30BC0</Unicode><This>F043</This></Map>
<Map><Unicode>0BB10BC0</Unicode><This>F053</This></Map>
<Map><Unicode>0BA90BC0</Unicode><This>F0CC</This></Map>
<Map><Unicode>0B9C0BC0</Unicode><This>F0FD</This></Map>
<Map><Unicode>0BB70BC0</Unicode><This>F055</This></Map>
<Map><Unicode>0BB80BC0</Unicode><This>F0A2</This></Map>
<Map><Unicode>0BB90BC0</Unicode><This>F0EA</This></Map>
<Map><Unicode>0B950BCD0BB70BC0</Unicode><This>F0C8</This></Map>
<Map><Unicode>0B950BC1</Unicode><This>F07A</This></Map>
<Map><Unicode>0B990BC1</Unicode><This>F0F4</This></Map>
<Map><Unicode>0B9A0BC1</Unicode><This>F0B7</This></Map>
<Map><Unicode>0B9E0BC1</Unicode><This>F051</This></Map>
<Map><Unicode>0B9F0BC1</Unicode><This>F07C</This></Map>
<Map><Unicode>0BA30BC1</Unicode><This>F062</This></Map>
<Map><Unicode>0BA40BC1</Unicode><This>F06D</This></Map>
<Map><Unicode>0BA80BC1</Unicode><This>F04F</This></Map>
<Map><Unicode>0BAA0BC1</Unicode><This>F041</This></Map>
<Map><Unicode>0BAE0BC1</Unicode><This>F078</This></Map>
<Map><Unicode>0BAF0BC1</Unicode><This>F0A5</This></Map>
<Map><Unicode>0BB00BC1</Unicode><This>F0F2</This></Map>
<Map><Unicode>0BB20BC1</Unicode><This>F04B</This></Map>
<Map><Unicode>0BB50BC1</Unicode><This>F0A1</This></Map>
<Map><Unicode>0BB40BC1</Unicode><This>F0BF</This></Map>
<Map><Unicode>0BB30BC1</Unicode><This>F0D3</This></Map>
<Map><Unicode>0BB10BC1</Unicode><This>F0AE</This></Map>
<Map><Unicode>0BA90BC1</Unicode><This>F0D0</This></Map>
<Map><Unicode>0B9C0BC1</Unicode><This>F068</This></Map>
<Map><Unicode>0BB70BC1</Unicode><This>F0D7</This></Map>
<Map><Unicode>0BB80BC1</Unicode><This>F071</This></Map>
<Map><Unicode>0BB90BC1</Unicode><This>F0F8</This></Map>
<Map><Unicode>0B950BCD0BB70BC1</Unicode><This>F059</This></Map>
<Map><Unicode>0B950BC2</Unicode><This>F0ED</This></Map>
<Map><Unicode>0B990BC2</Unicode><This>F0F4</This></Map>
<Map><Unicode>0B9A0BC2</Unicode><This>F0F3</This></Map>
<Map><Unicode>0B9E0BC2</Unicode><This>F051</This></Map>
<Map><Unicode>0B9F0BC2</Unicode><This>F0F9</This></Map>
<Map><Unicode>0BA30BC2</Unicode><This>F049</This></Map>
<Map><Unicode>0BA40BC2</Unicode><This>F023</This></Map>
<Map><Unicode>0BA80BC2</Unicode><This>F0B1</This></Map>
<Map><Unicode>0BAA0BC2</Unicode><This>F0AF</This></Map>
<Map><Unicode>0BAE0BC2</Unicode><This>F04A</This></Map>
<Map><Unicode>0BAF0BC2</Unicode><This>F052</This></Map>
<Map><Unicode>0BB00BC2</Unicode><This>F0D4</This></Map>
<Map><Unicode>0BB20BC2</Unicode><This>F0D9</This></Map>
<Map><Unicode>0BB50BC2</Unicode><This>F0C6</This></Map>
<Map><Unicode>0BB40BC2</Unicode><This>F0F1</This></Map>
<Map><Unicode>0BB30BC2</Unicode><This>F06A</This></Map>
<Map><Unicode>0BB10BC2</Unicode><This>F047</This></Map>
<Map><Unicode>0BA90BC2</Unicode><This>F0FB</This></Map>
<Map><Unicode>0B9C0BC2</Unicode><This>F0C9</This></Map>
<Map><Unicode>0BB70BC2</Unicode><This>F0A3</This></Map>
<Map><Unicode>0BB80BC2</Unicode><This>F060</This></Map>
<Map><Unicode>0BB90BC2</Unicode><This>F0DA</This></Map>
<Map><Unicode>0B950BCD0BB70BC2</Unicode><This>F066</This></Map>
<Map><Unicode>0B950BC6</Unicode><This>F0D8F0EF</This></Map>
<Map><Unicode>0B990BC6</Unicode><This>F0D8F0F4</This></Map>
<Map><Unicode>0B9A0BC6</Unicode><This>F0D8F0C4</This></Map>
<Map><Unicode>0B9E0BC6</Unicode><This>F0D8F051</This></Map>
<Map><Unicode>0B9F0BC6</Unicode><This>F0D8F0A6</This></Map>
<Map><Unicode>0BA30BC6</Unicode><This>F0D8F0F0</This></Map>
<Map><Unicode>0BA40BC6</Unicode><This>F0D8F03E</This></Map>
<Map><Unicode>0BA80BC6</Unicode><This>F0D8F0E5</This></Map>
<Map><Unicode>0BAA0BC6</Unicode><This>F0D8F0C3</This></Map>
<Map><Unicode>0BAE0BC6</Unicode><This>F0D8F05C</This></Map>
<Map><Unicode>0BAF0BC6</Unicode><This>F0D8F042</This></Map>
<Map><Unicode>0BB00BC6</Unicode><This>F0D8F0AB</This></Map>
<Map><Unicode>0BB20BC6</Unicode><This>F0D8F0E9</This></Map>
<Map><Unicode>0BB50BC6</Unicode><This>F0D8F06B</This></Map>
<Map><Unicode>0BB40BC6</Unicode><This>F0D8F077</This></Map>
<Map><Unicode>0BB30BC6</Unicode><This>F0D8F065</This></Map>
<Map><Unicode>0BB10BC6</Unicode><This>F0D8F0C5</This></Map>
<Map><Unicode>0BA90BC6</Unicode><This>F0D8F0AA</This></Map>
<Map><Unicode>0B9C0BC6</Unicode><This>F0D8F0DB</This></Map>
<Map><Unicode>0BB70BC6</Unicode><This>F0D8F0AD</This></Map>
<Map><Unicode>0BB80BC6</Unicode><This>F0D8F076</This></Map>
<Map><Unicode>0BB90BC6</Unicode><This>F0D8F0C7</This></Map>
<Map><Unicode>0B950BCD0BB70BC6</Unicode><This>F0D8F0B3</This></Map>
<Map><Unicode>0B950BC7</Unicode><This>F0BCF0EF</This></Map>
<Map><Unicode>0B990BC7</Unicode><This>F0BCF0F4</This></Map>
<Map><Unicode>0B9A0BC7</Unicode><This>F0BCF0C4</This></Map>
<Map><Unicode>0B9E0BC7</Unicode><This>F0BCF051</This></Map>
<Map><Unicode>0B9F0BC7</Unicode><This>F0BCF0A6</This></Map>
<Map><Unicode>0BA30BC7</Unicode><This>F0BCF0F0</This></Map>
<Map><Unicode>0BA40BC7</Unicode><This>F0BCF03E</This></Map>
<Map><Unicode>0BA80BC7</Unicode><This>F0BCF0E5</This></Map>
<Map><Unicode>0BAA0BC7</Unicode><This>F0BCF0C3</This></Map>
<Map><Unicode>0BAE0BC7</Unicode><This>F0BCF05C</This></Map>
<Map><Unicode>0BAF0BC7</Unicode><This>F0BCF042</This></Map>
<Map><Unicode>0BB00BC7</Unicode><This>F0BCF0AB</This></Map>
<Map><Unicode>0BB20BC7</Unicode><This>F0BCF0E9</This></Map>
<Map><Unicode>0BB50BC7</Unicode><This>F0BCF06B</This></Map>
<Map><Unicode>0BB40BC7</Unicode><This>F0BCF077</This></Map>
<Map><Unicode>0BB30BC7</Unicode><This>F0BCF065</This></Map>
<Map><Unicode>0BB10BC7</Unicode><This>F0BCF0C5</This></Map>
<Map><Unicode>0BA90BC7</Unicode><This>F0BCF0AA</This></Map>
<Map><Unicode>0B9C0BC7</Unicode><This>F0BCF0DB</This></Map>
<Map><Unicode>0BB70BC7</Unicode><This>F0BCF0AD</This></Map>
<Map><Unicode>0BB80BC7</Unicode><This>F0BCF076</This></Map>
<Map><Unicode>0BB90BC7</Unicode><This>F0BCF0C7</This></Map>
<Map><Unicode>0B950BCD0BB70BC7</Unicode><This>F0BCF0B3</This></Map>
<Map><Unicode>0B950BC8</Unicode><This>F0E7F0EF</This></Map>
<Map><Unicode>0B990BC8</Unicode><This>F0E7F0F4</This></Map>
<Map><Unicode>0B9A0BC8</Unicode><This>F0E7F0C4</This></Map>
<Map><Unicode>0B9E0BC8</Unicode><This>F0E7F051</This></Map>
<Map><Unicode>0B9F0BC8</Unicode><This>F0E7F0A6</This></Map>
<Map><Unicode>0BA30BC8</Unicode><This>F0E7F0F0</This></Map>
<Map><Unicode>0BA40BC8</Unicode><This>F0E7F03E</This></Map>
<Map><Unicode>0BA80BC8</Unicode><This>F0E7F0E5</This></Map>
<Map><Unicode>0BAA0BC8</Unicode><This>F0E7F0C3</This></Map>
<Map><Unicode>0BAE0BC8</Unicode><This>F0E7F05C</This></Map>
<Map><Unicode>0BAF0BC8</Unicode><This>F0E7F042</This></Map>
<Map><Unicode>0BB00BC8</Unicode><This>F0E7F0AB</This></Map>
<Map><Unicode>0BB20BC8</Unicode><This>F0E7F0E9</This></Map>
<Map><Unicode>0BB50BC8</Unicode><This>F0E7F06B</This></Map>
<Map><Unicode>0BB40BC8</Unicode><This>F0E7F077</This></Map>
<Map><Unicode>0BB30BC8</Unicode><This>F0E7F065</This></Map>
<Map><Unicode>0BB10BC8</Unicode><This>F0E7F0C5</This></Map>
<Map><Unicode>0BA90BC8</Unicode><This>F0E7F0AA</This></Map>
<Map><Unicode>0B9C0BC8</Unicode><This>F0E7F0DB</This></Map>
<Map><Unicode>0BB70BC8</Unicode><This>F0E7F0AD</This></Map>
<Map><Unicode>0BB80BC8</Unicode><This>F0E7F076</This></Map>
<Map><Unicode>0BB90BC8</Unicode><This>F0E7F0C7</This></Map>
<Map><Unicode>0B950BCD0BB70BC8</Unicode><This>F0E7F0B3</This></Map>
<Map><Unicode>0B950BCA</Unicode><This>F0D8F0EFF056</This></Map>
<Map><Unicode>0B990BCA</Unicode><This>F0D8F0F4F056</This></Map>
<Map><Unicode>0B9A0BCA</Unicode><This>F0D8F0C4F056</This></Map>
<Map><Unicode>0B9E0BCA</Unicode><This>F0D8F051F056</This></Map>
<Map><Unicode>0B9F0BCA</Unicode><This>F0D8F0A6F056</This></Map>
<Map><Unicode>0BA30BCA</Unicode><This>F0D8F0F0F056</This></Map>
<Map><Unicode>0BA40BCA</Unicode><This>F0D8F03EF056</This></Map>
<Map><Unicode>0BA80BCA</Unicode><This>F0D8F0E5F056</This></Map>
<Map><Unicode>0BAA0BCA</Unicode><This>F0D8F0C3F056</This></Map>
<Map><Unicode>0BAE0BCA</Unicode><This>F0D8F05CF056</This></Map>
<Map><Unicode>0BAF0BCA</Unicode><This>F0D8F042F056</This></Map>
<Map><Unicode>0BB00BCA</Unicode><This>F0D8F0ABF056</This></Map>
<Map><Unicode>0BB20BCA</Unicode><This>F0D8F0E9F056</This></Map>
<Map><Unicode>0BB50BCA</Unicode><This>F0D8F06BF056</This></Map>
<Map><Unicode>0BB40BCA</Unicode><This>F0D8F077F056</This></Map>
<Map><Unicode>0BB30BCA</Unicode><This>F0D8F065F056</This></Map>
<Map><Unicode>0BB10BCA</Unicode><This>F0D8F0C5F056</This></Map>
<Map><Unicode>0BA90BCA</Unicode><This>F0D8F0AAF056</This></Map>
<Map><Unicode>0B9C0BCA</Unicode><This>F0D8F0DBF056</This></Map>
<Map><Unicode>0BB70BCA</Unicode><This>F0D8F0ADF056</This></Map>
<Map><Unicode>0BB80BCA</Unicode><This>F0D8F076F056</This></Map>
<Map><Unicode>0BB90BCA</Unicode><This>F0D8F0C7F056</This></Map>
<Map><Unicode>0B950BCD0BB70BCA</Unicode><This>F0D8F0B3F056</This></Map>
<Map><Unicode>0B950BCB</Unicode><This>F0BCF0EFF056</This></Map>
<Map><Unicode>0B990BCB</Unicode><This>F0BCF0F4F056</This></Map>
<Map><Unicode>0B9A0BCB</Unicode><This>F0BCF0C4F056</This></Map>
<Map><Unicode>0B9E0BCB</Unicode><This>F0BCF051F056</This></Map>
<Map><Unicode>0B9F0BCB</Unicode><This>F0BCF0A6F056</This></Map>
<Map><Unicode>0BA30BCB</Unicode><This>F0BCF0F0F056</This></Map>
<Map><Unicode>0BA40BCB</Unicode><This>F0BCF03EF056</This></Map>
<Map><Unicode>0BA80BCB</Unicode><This>F0BCF0E5F056</This></Map>
<Map><Unicode>0BAA0BCB</Unicode><This>F0BCF0C3F056</This></Map>
<Map><Unicode>0BAE0BCB</Unicode><This>F0BCF05CF056</This></Map>
<Map><Unicode>0BAF0BCB</Unicode><This>F0BCF042F056</This></Map>
<Map><Unicode>0BB00BCB</Unicode><This>F0BCF0ABF056</This></Map>
<Map><Unicode>0BB20BCB</Unicode><This>F0BCF0E9F056</This></Map>
<Map><Unicode>0BB50BCB</Unicode><This>F0BCF06BF056</This></Map>
<Map><Unicode>0BB40BCB</Unicode><This>F0BCF077F056</This></Map>
<Map><Unicode>0BB30BCB</Unicode><This>F0BCF065F056</This></Map>
<Map><Unicode>0BB10BCB</Unicode><This>F0BCF0C5F056</This></Map>
<Map><Unicode>0BA90BCB</Unicode><This>F0BCF0AAF056</This></Map>
<Map><Unicode>0B9C0BCB</Unicode><This>F0BCF0DBF056</This></Map>
<Map><Unicode>0BB70BCB</Unicode><This>F0BCF0ADF056</This></Map>
<Map><Unicode>0BB80BCB</Unicode><This>F0BCF076F056</This></Map>
<Map><Unicode>0BB90BCB</Unicode><This>F0BCF0C7F056</This></Map>
<Map><Unicode>0B950BCD0BB70BCB</Unicode><This>F0BCF0B3F056</This></Map>
<Map><Unicode>0B950BCC</Unicode><This>F0D8F0EFF0E1</This></Map>
<Map><Unicode>0B990BCC</Unicode><This>F0D8F0F4F0E1</This></Map>
<Map><Unicode>0B9A0BCC</Unicode><This>F0D8F0C4F0E1</This></Map>
<Map><Unicode>0B9E0BCC</Unicode><This>F0D8F051F0E1</This></Map>
<Map><Unicode>0B9F0BCC</Unicode><This>F0D8F0A6F0E1</This></Map>
<Map><Unicode>0BA30BCC</Unicode><This>F0D8F0F0F0E1</This></Map>
<Map><Unicode>0BA40BCC</Unicode><This>F0D8F03EF0E1</This></Map>
<Map><Unicode>0BA80BCC</Unicode><This>F0D8F0E5F0E1</This></Map>
<Map><Unicode>0BAA0BCC</Unicode><This>F0D8F0C3F0E1</This></Map>
<Map><Unicode>0BAE0BCC</Unicode><This>F0D8F05CF0E1</This></Map>
<Map><Unicode>0BAF0BCC</Unicode><This>F0D8F042F0E1</This></Map>
<Map><Unicode>0BB00BCC</Unicode><This>F0D8F0ABF0E1</This></Map>
<Map><Unicode>0BB20BCC</Unicode><This>F0D8F0E9F0E1</This></Map>
<Map><Unicode>0BB50BCC</Unicode><This>F0D8F06BF0E1</This></Map>
<Map><Unicode>0BB40BCC</Unicode><This>F0D8F077F0E1</This></Map>
<Map><Unicode>0BB30BCC</Unicode><This>F0D8F065F0E1</This></Map>
<Map><Unicode>0BB10BCC</Unicode><This>F0D8F0C5F0E1</This></Map>
<Map><Unicode>0BA90BCC</Unicode><This>F0D8F0AAF0E1</This></Map>
<Map><Unicode>0B9C0BCC</Unicode><This>F0D8F0DBF0E1</This></Map>
<Map><Unicode>0BB70BCC</Unicode><This>F0D8F0ADF0E1</This></Map>
<Map><Unicode>0BB80BCC</Unicode><This>F0D8F076F0E1</This></Map>
<Map><Unicode>0BB90BCC</Unicode><This>F0D8F0C7F0E1</This></Map>
<Map><Unicode>0B950BCD0BB70BCC</Unicode><This>F0D8F0B3F0E1</This></Map>
<Map><Unicode>0BB80BCD0BB00BC0</Unicode><This>F070</This></Map>
<Map><Unicode>0BF8</Unicode><This>F072</This></Map>
<Map><Unicode>0021</Unicode><This>F021</This></Map>
<Map><Unicode>2018</Unicode><This>F022</This></Map>
<Map><Unicode>002A</Unicode><This>F024</This></Map>
<Map><Unicode>0025</Unicode><This>F025</This></Map>
<Map><Unicode>0026</Unicode><This>F026</This></Map>
<Map><Unicode>2019</Unicode><This>F027</This></Map>
<Map><Unicode>0028</Unicode><This>F028</This></Map>
<Map><Unicode>0029</Unicode><This>F029</This></Map>
<Map><Unicode>002B</Unicode><This>F02B</This></Map>
<Map><Unicode>002C</Unicode><This>F02C</This></Map>
<Map><Unicode>002D</Unicode><This>002D</This></Map>
<Map><Unicode>002E</Unicode><This>F02E</This></Map>
<Map><Unicode>002F</Unicode><This>F02F</This></Map>
<Map><Unicode>0030</Unicode><This>F030</This></Map>
<Map><Unicode>0031</Unicode><This>F031</This></Map>
<Map><Unicode>0032</Unicode><This>F032</This></Map>
<Map><Unicode>0033</Unicode><This>F033</This></Map>
<Map><Unicode>0034</Unicode><This>F034</This></Map>
<Map><Unicode>0035</Unicode><This>F035</This></Map>
<Map><Unicode>0036</Unicode><This>F036</This></Map>
<Map><Unicode>0037</Unicode><This>F037</This></Map>
<Map><Unicode>0038</Unicode><This>F038</This></Map>
<Map><Unicode>0039</Unicode><This>F039</This></Map>
<Map><Unicode>003A</Unicode><This>F03A</This></Map>
<Map><Unicode>003B</Unicode><This>F03B</This></Map>
<Map><Unicode>003D</Unicode><This>F03D</This></Map>
<Map><Unicode>003F</Unicode><This>F03F</This></Map>
<Map><Unicode>00F7</Unicode><This>F040</This></Map>
<Map><Unicode>005F</Unicode><This>F087</This></Map>
</Table>