<?xml version="1.0" ?>
<Table>
	<Header>
		<Language>Tamil</Language>
		<Encoding>StmzhRgb</Encoding>
		<Keyboard>Bamini</Keyboard>
		<LCID>0409</LCID>
		<Author>DesignerSheik</Author>
     	<Description>StmzhRgb is a 8-bit monolingual encoding proposed by Designer Sheik</Description>
	</Header>
<Data>
<Map><Display>0B85</Display><Character>F021</Character><Keys>21</Keys></Map>
<Map><Display>0B86</Display><Character>F022</Character><Keys>7E</Keys></Map>
<Map><Display>0B87</Display><Character>F0F3</Character><Keys>23</Keys></Map>
<Map><Display>0B88</Display><Character>F0ED</Character><Keys>24</Keys></Map>
<Map><Display>0B89</Display><Character>F04A</Character><Keys>25</Keys></Map>
<Map><Display>0B8A</Display><Character>F0D4</Character><Keys>26</Keys></Map>
<Map><Display>0B8E</Display><Character>F027F027</Character><Keys>27</Keys></Map>
<Map><Display>0B8F</Display><Character>F028</Character><Keys>28</Keys></Map>
<Map><Display>0B90</Display><Character>F029</Character><Keys>29</Keys></Map>
<Map><Display>0B92</Display><Character>F0F1</Character><Keys>2A</Keys></Map>
<Map><Display>0B93</Display><Character></Character><Keys>2B</Keys></Map>
<Map><Display>0B94</Display><Character>F0D6</Character><Keys>2C</Keys></Map>
<Map><Display>0B83</Display><Character>F02D</Character><Keys>2D</Keys></Map>
<Map><Display>0B95</Display><Character>F02E</Character><Keys>2E</Keys></Map>
<Map><Display>0B99</Display><Character>F0E0</Character><Keys>2F</Keys></Map>
<Map><Display>0B9A</Display><Character>F030</Character><Keys>30</Keys></Map>
<Map><Display>0B9E</Display><Character>F031</Character><Keys>31</Keys></Map>
<Map><Display>0B9F</Display><Character>F032</Character><Keys>32</Keys></Map>
<Map><Display>0BA3</Display><Character>F033</Character><Keys>33</Keys></Map>
<Map><Display>0BA4</Display><Character>F034</Character><Keys>34</Keys></Map>
<Map><Display>0BA8</Display><Character>F035</Character><Keys>35</Keys></Map>
<Map><Display>0BAA</Display><Character>F036</Character><Keys>36</Keys></Map>
<Map><Display>0BAE</Display><Character>F037</Character><Keys>37</Keys></Map>
<Map><Display>0BAF</Display><Character>F038</Character><Keys>38</Keys></Map>
<Map><Display>0BB0</Display><Character>F039</Character><Keys>39</Keys></Map>
<Map><Display>0BB2</Display><Character>F03A</Character><Keys>3A</Keys></Map>
<Map><Display>0BB5</Display><Character></Character><Keys>3B</Keys></Map>
<Map><Display>0BB4</Display><Character>F07E</Character><Keys>3C</Keys></Map>
<Map><Display>0BB3</Display><Character>F070</Character><Keys>3D</Keys></Map>
<Map><Display>0BB1</Display><Character>F02C</Character><Keys>3E</Keys></Map>
<Map><Display>0BA9</Display><Character>F03F</Character><Keys>3F</Keys></Map>
<Map><Display>0BB8</Display><Character>F03B</Character><Keys>40</Keys></Map>
<Map><Display>0BB7</Display><Character>F0A5</Character><Keys>41</Keys></Map>
<Map><Display>0B9C</Display><Character>F0CF</Character><Keys>42</Keys></Map>
<Map><Display>0BB9</Display><Character>F0BB</Character><Keys>43</Keys></Map>
<Map><Display>0B950BCD0BB7</Display><Character>F0D0</Character><Keys>44</Keys></Map>
<Map><Display>0BB80BCD0BB00BC0</Display><Character>F04F</Character><Keys>45</Keys></Map>
<Map><Display>0B950BCD</Display><Character>F07A</Character><Keys>46</Keys></Map>
<Map><Display>0B990BCD</Display><Character>F041</Character><Keys>47</Keys></Map>
<Map><Display>0B9A0BCD</Display><Character>F0EC</Character><Keys>48</Keys></Map>
<Map><Display>0B9E0BCD</Display><Character>F06E</Character><Keys>49</Keys></Map>
<Map><Display>0B9F0BCD</Display><Character>F06D</Character><Keys>4A</Keys></Map>
<Map><Display>0BA30BCD</Display><Character>F078</Character><Keys>4B</Keys></Map>
<Map><Display>0BA40BCD</Display><Character>F07C</Character><Keys>4C</Keys></Map>
<Map><Display>0BA80BCD</Display><Character>F067</Character><Keys>4D</Keys></Map>
<Map><Display>0BAA0BCD</Display><Character>F0BC</Character><Keys>4E</Keys></Map>
<Map><Display>0BAE0BCD</Display><Character>F0BF</Character><Keys>4F</Keys></Map>
<Map><Display>0BAF0BCD</Display><Character></Character><Keys>50</Keys></Map>
<Map><Display>0BB00BCD</Display><Character>F051</Character><Keys>51</Keys></Map>
<Map><Display>0BB00BCD</Display><Character>F0B7</Character><Keys>52</Keys></Map>
<Map><Display>0BB20BCD</Display><Character>F0D3</Character><Keys>53</Keys></Map>
<Map><Display>0BB50BCD</Display><Character>F0A1</Character><Keys>54</Keys></Map>
<Map><Display>0BB40BCD</Display><Character>F0F2</Character><Keys>55</Keys></Map>
<Map><Display>0BB30BCD</Display><Character>F0B0</Character><Keys>56</Keys></Map>
<Map><Display>0BB10BCD</Display><Character>F0AE</Character><Keys>57</Keys></Map>
<Map><Display>0BA90BCD</Display><Character>F07B</Character><Keys>58</Keys></Map>
<Map><Display>0BB80BCD</Display><Character>F04B</Character><Keys>59</Keys></Map>
<Map><Display>0BB70BCD</Display><Character>F062</Character><Keys>5A</Keys></Map>
<Map><Display>0B9C0BCD</Display><Character>F0DB</Character><Keys>5B</Keys></Map>
<Map><Display>0BB90BCD</Display><Character>F0AD</Character><Keys>5C</Keys></Map>
<Map><Display>0B950BCD0BB70BCD</Display><Character>F076</Character><Keys>5D</Keys></Map>
<Map><Display>0B950BBE</Display><Character>F0F9</Character><Keys>5E</Keys></Map>
<Map><Display>0B990BBE</Display><Character></Character><Keys>5F</Keys></Map>
<Map><Display>0B9A0BBE</Display><Character>F0C7</Character><Keys>60</Keys></Map>
<Map><Display>0B9E0BBE</Display><Character>F042</Character><Keys>61</Keys></Map>
<Map><Display>0B9F0BBE</Display><Character>F0BD</Character><Keys>62</Keys></Map>
<Map><Display>0BA30BBE</Display><Character>F063</Character><Keys>63</Keys></Map>
<Map><Display>0BA40BBE</Display><Character>F0AA</Character><Keys>64</Keys></Map>
<Map><Display>0BA80BBE</Display><Character>F0E5</Character><Keys>65</Keys></Map>
<Map><Display>0BAA0BBE</Display><Character>F0EF</Character><Keys>66</Keys></Map>
<Map><Display>0BAE0BBE</Display><Character>F0C3</Character><Keys>67</Keys></Map>
<Map><Display>0BAF0BBE</Display><Character>F056</Character><Keys>68</Keys></Map>
<Map><Display>0BB00BBE</Display><Character>F0E7</Character><Keys>69</Keys></Map>
<Map><Display>0BB20BBE</Display><Character>F03E</Character><Keys>6A</Keys></Map>
<Map><Display>0BB50BBE</Display><Character>F05C</Character><Keys>6B</Keys></Map>
<Map><Display>0BB40BBE</Display><Character>F0A6</Character><Keys>6C</Keys></Map>
<Map><Display>0BB30BBE</Display><Character>F0B6</Character><Keys>6D</Keys></Map>
<Map><Display>0BB10BBE</Display><Character>F0D8</Character><Keys>6E</Keys></Map>
<Map><Display>0BA90BBE</Display><Character>F077</Character><Keys>6F</Keys></Map>
<Map><Display>0BB80BBE</Display><Character></Character><Keys>70</Keys></Map>
<Map><Display>0BB70BBE</Display><Character>F0F4</Character><Keys>71</Keys></Map>
<Map><Display>0B9C0BBE</Display><Character>F0C4</Character><Keys>72</Keys></Map>
<Map><Display>0BB90BBE</Display><Character>F0E1</Character><Keys>73</Keys></Map>
<Map><Display>0B950BCD0BB70BBE</Display><Character>F06B</Character><Keys>74</Keys></Map>
<Map><Display>0B950BBF</Display><Character>F0AB</Character><Keys>75</Keys></Map>
<Map><Display>0B990BBF</Display><Character>F0A8</Character><Keys>76</Keys></Map>
<Map><Display>0B9A0BBF</Display><Character>F0C5</Character><Keys>77</Keys></Map>
<Map><Display>0B9E0BBF</Display><Character>F0CE</Character><Keys>78</Keys></Map>
<Map><Display>0B9F0BBF</Display><Character>F0E9</Character><Keys>79</Keys></Map>
<Map><Display>0BA30BBF</Display><Character>F0F0</Character><Keys>7A</Keys></Map>
<Map><Display>0BA40BBF</Display><Character></Character><Keys>7B</Keys></Map>
<Map><Display>0BA80BBF</Display><Character>F027</Character><Keys>7C</Keys></Map>
<Map><Display>0BAA0BBF</Display><Character></Character><Keys>7D</Keys></Map>
<Map><Display>0BAE0BBF</Display><Character>F02A</Character><Keys>6B50</Keys></Map>
<Map><Display>0BAF0BBF</Display><Character>F043</Character><Keys>7350</Keys></Map>
<Map><Display>0BB00BBF</Display><Character>F044</Character><Keys>6B3B</Keys></Map>
<Map><Display>0BB20BBF</Display><Character>F045</Character><Keys>7270</Keys></Map>
<Map><Display>0BB50BBF</Display><Character>F046</Character><Keys>613B</Keys></Map>
<Map><Display>0BB40BBF</Display><Character>F047</Character><Keys>577D</Keys></Map>
<Map><Display>0BB30BBF</Display><Character>F049</Character><Keys>5A7D</Keys></Map>
<Map><Display>0BB10BBF</Display><Character>F04C</Character><Keys>5D70</Keys></Map>
<Map><Display>0BA90BBF</Display><Character>F04D</Character><Keys>6470</Keys></Map>
<Map><Display>0BB80BBF</Display><Character>F04E</Character><Keys>6070</Keys></Map>
<Map><Display>0BB70BBF</Display><Character>F052</Character><Keys>612B</Keys></Map>
<Map><Display>0B9C0BBF</Display><Character>F053</Character><Keys>7750</Keys></Map>
<Map><Display>0BB90BBF</Display><Character>F054</Character><Keys>7450</Keys></Map>
<Map><Display>0B950BCD0BB70BBF</Display><Character>F055</Character><Keys>5C50</Keys></Map>
<Map><Display>0B950BC0</Display><Character>F057</Character><Keys>6570</Keys></Map>
<Map><Display>0B990BC0</Display><Character>F058</Character><Keys>6150</Keys></Map>
<Map><Display>0B9A0BC0</Display><Character>F05A</Character><Keys>7550</Keys></Map>
<Map><Display>0B9E0BC0</Display><Character>F05B</Character><Keys>643B</Keys></Map>
<Map><Display>0B9F0BC0</Display><Character>F05D</Character><Keys>6A70</Keys></Map>
<Map><Display>0BA30BC0</Display><Character>F05E</Character><Keys>733B</Keys></Map>
<Map><Display>0BA40BC0</Display><Character>F05F</Character><Keys>793B</Keys></Map>
<Map><Display>0BA80BC0</Display><Character>F060</Character><Keys>5D5F</Keys></Map>
<Map><Display>0BAA0BC0</Display><Character>F061</Character><Keys>6F70</Keys></Map>
<Map><Display>0BAE0BC0</Display><Character>F068</Character><Keys>5B7B</Keys></Map>
<Map><Display>0BAF0BC0</Display><Character>F069</Character><Keys>5C3B</Keys></Map>
<Map><Display>0BB00BC0</Display><Character>F06C</Character><Keys>6170</Keys></Map>
<Map><Display>0BB00BC0</Display><Character>F06F</Character><Keys>7970</Keys></Map>
<Map><Display>0BB20BC0</Display><Character>F071</Character><Keys>5D7B</Keys></Map>
<Map><Display>0BB50BC0</Display><Character>F073</Character><Keys>7470</Keys></Map>
<Map><Display>0BB40BC0</Display><Character>F074</Character><Keys>6B70</Keys></Map>
<Map><Display>0BB30BC0</Display><Character>F075</Character><Keys>773B</Keys></Map>
<Map><Display>0BB10BC0</Display><Character>F079</Character><Keys>6A50</Keys></Map>
<Map><Display>0BA90BC0</Display><Character>F0A2</Character><Keys>5D50</Keys></Map>
<Map><Display>0BB80BC0</Display><Character>F0A3</Character><Keys>5C5F</Keys></Map>
<Map><Display>0BB70BC0</Display><Character>F0A4</Character><Keys>7770</Keys></Map>
<Map><Display>0B9C0BC0</Display><Character>F0A7</Character><Keys>7A50</Keys></Map>
<Map><Display>0BB90BC0</Display><Character>F0A9</Character><Keys>673B</Keys></Map>
<Map><Display>0B950BCD0BB70BC0</Display><Character>F0AC</Character><Keys>6750</Keys></Map>
<Map><Display>0B950BC1</Display><Character>F0AF</Character><Keys>672B</Keys></Map>
<Map><Display>0B990BC1</Display><Character>F0B1</Character><Keys>457D</Keys></Map>
<Map><Display>0B9A0BC1</Display><Character>F0B4</Character><Keys>5C70</Keys></Map>
<Map><Display>0B9E0BC1</Display><Character>F0B5</Character><Keys>6F3B</Keys></Map>
<Map><Display>0B9F0BC1</Display><Character>F0B8</Character><Keys>6770</Keys></Map>
<Map><Display>0BA30BC1</Display><Character>F0B9</Character><Keys>7370</Keys></Map>
<Map><Display>0BA40BC1</Display><Character>F0BA</Character><Keys>713B</Keys></Map>
<Map><Display>0BA80BC1</Display><Character>F0C0</Character><Keys>6550</Keys></Map>
<Map><Display>0BAA0BC1</Display><Character>F0C1</Character><Keys>7873</Keys></Map>
<Map><Display>0BAE0BC1</Display><Character>F0C2</Character><Keys>663B</Keys></Map>
<Map><Display>0BAF0BC1</Display><Character>F0C6</Character><Keys>742B</Keys></Map>
<Map><Display>0BB00BC1</Display><Character>F0C9</Character><Keys>5B5F</Keys></Map>
<Map><Display>0BB20BC1</Display><Character>F0CB</Character><Keys>743B</Keys></Map>
<Map><Display>0BB50BC1</Display><Character>F0CC</Character><Keys>6450</Keys></Map>
<Map><Display>0BB40BC1</Display><Character>F0CD</Character><Keys>653B</Keys></Map>
<Map><Display>0BB30BC1</Display><Character>F0D1</Character><Keys>6F50</Keys></Map>
<Map><Display>0BB10BC1</Display><Character>F0D7</Character><Keys>5C7B</Keys></Map>
<Map><Display>0BA90BC1</Display><Character>F0D9</Character><Keys>597D</Keys></Map>
<Map><Display>0BB80BC1</Display><Character>F0DA</Character><Keys>605F</Keys></Map>
<Map><Display>0BB70BC1</Display><Character>F0DC</Character><Keys>7950</Keys></Map>
<Map><Display>0B9C0BC1</Display><Character>F0DD</Character><Keys>6A3B</Keys></Map>
<Map><Display>0BB90BC1</Display><Character>F0DE</Character><Keys>513B</Keys></Map>
<Map><Display>0B950BCD0BB70BC1</Display><Character>F0DF</Character><Keys>723B</Keys></Map>
<Map><Display>0B950BC2</Display><Character>F0E2</Character><Keys>6C3B</Keys></Map>
<Map><Display>0B990BC2</Display><Character>F0E3</Character><Keys>603B</Keys></Map>
<Map><Display>0B9A0BC2</Display><Character>F0E6</Character><Keys>7250</Keys></Map>
<Map><Display>0B9E0BC2</Display><Character>F0E8</Character><Keys>7A70</Keys></Map>
<Map><Display>0B9F0BC2</Display><Character>F0EA</Character><Keys>6050</Keys></Map>
<Map><Display>0BA30BC2</Display><Character>F0EB</Character><Keys>5B3B</Keys></Map>
<Map><Display>0BA40BC2</Display><Character>F0F5</Character><Keys>7A3B</Keys></Map>
<Map><Display>0BA80BC2</Display><Character>F0F6</Character><Keys>7570</Keys></Map>
<Map><Display>0BAA0BC2</Display><Character>F0F7</Character><Keys>5B70</Keys></Map>
<Map><Display>0BAE0BC2</Display><Character>F0F8</Character><Keys>607B</Keys></Map>
<Map><Display>0BAF0BC2</Display><Character>F0FA</Character><Keys>753B</Keys></Map>
<Map><Display>0BB00BC2</Display><Character>F0FB</Character><Keys>447D</Keys></Map>
<Map><Display>0BB20BC2</Display><Character>F0FC</Character><Keys>5D3B</Keys></Map>
<Map><Display>0BB50BC2</Display><Character>F0FD</Character><Keys>5B50</Keys></Map>
<Map><Display>0BB40BC2</Display><Character>F0FE</Character><Keys>6670</Keys></Map>
<Map><Display>0BB30BC2</Display><Character>F0FF</Character><Keys>6650</Keys></Map>
<Map><Display>0BB30BC2</Display><Character>F022F022</Character><Keys>22</Keys></Map>
<Map><Display>0BB30BC2</Display><Character>F023</Character><Keys>4A7D</Keys></Map>
</Data>
</Table>