<?xml version="1.0" ?>
<Table>
	<Header>
		<Language>Tamil</Language>
		<Encoding>StmzhRgb</Encoding>
		<Keyboard>OldTypewriter</Keyboard>
		<LCID>0409</LCID>
		<Author>Designer Sheik</Author>
		<Description>StmzhRgb is a 8-bit bilingual encoding designed by Designer Sheik</Description>
	</Header>
<Data>
<Map><Display>0B85</Display><Character>F0B6</Character><Keys>6D</Keys></Map>
<Map><Display>0B86</Display><Character>F067</Character><Keys>4D</Keys></Map>
<Map><Display>0B87</Display><Character>F0D6</Character><Keys>2C</Keys></Map>
<Map><Display>0B88</Display><Character>F07E</Character><Keys>3C</Keys></Map>
<Map><Display>0B89</Display><Character>F063</Character><Keys>63</Keys></Map>
<Map><Display>0B8A</Display><Character>F0BB</Character><Keys>43</Keys></Map>
<Map><Display>0B8E</Display><Character>F0A8</Character><Keys>76</Keys></Map>
<Map><Display>0B8F</Display><Character>F0B0</Character><Keys>56</Keys></Map>
<Map><Display>0B90</Display><Character>F06E</Character><Keys>49</Keys></Map>
<Map><Display>0B92</Display><Character>F0CE</Character><Keys>78</Keys></Map>
<Map><Display>0B93</Display><Character>F07B</Character><Keys>58</Keys></Map>
<Map><Display>0B94</Display><Character>F0C1</Character><Keys>7873</Keys></Map>
<Map><Display>0B83</Display><Character>F0E0</Character><Keys>60</Keys></Map>
<Map><Display>0B95</Display><Character>F0EF</Character><Keys>66</Keys></Map>
<Map><Display>0B99</Display><Character>F0F4</Character><Keys>27</Keys></Map>
<Map><Display>0B9A</Display><Character>F0C4</Character><Keys>72</Keys></Map>
<Map><Display>0B9E</Display><Character>F051</Character><Keys>22</Keys></Map>
<Map><Display>0B9F</Display><Character>F0A6</Character><Keys>6C</Keys></Map>
<Map><Display>0BA3</Display><Character>F0F0</Character><Keys>7A</Keys></Map>
<Map><Display>0BA4</Display><Character>F03E</Character><Keys>6A</Keys></Map>
<Map><Display>0BA8</Display><Character>F0E5</Character><Keys>65</Keys></Map>
<Map><Display>0BAA</Display><Character>F0C3</Character><Keys>67</Keys></Map>
<Map><Display>0BAE</Display><Character>F05C</Character><Keys>6B</Keys></Map>
<Map><Display>0BAF</Display><Character>F042</Character><Keys>61</Keys></Map>
<Map><Display>0BB0</Display><Character>F0AB</Character><Keys>75</Keys></Map>
<Map><Display>0BB2</Display><Character>F0E9</Character><Keys>79</Keys></Map>
<Map><Display>0BB5</Display><Character>F06B</Character><Keys>74</Keys></Map>
<Map><Display>0BB4</Display><Character>F077</Character><Keys>48</Keys></Map>
<Map><Display>0BB3</Display><Character>F0E1</Character><Keys>73</Keys></Map>
<Map><Display>0BB1</Display><Character>F0C5</Character><Keys>77</Keys></Map>
<Map><Display>0BA9</Display><Character>F0AA</Character><Keys>64</Keys></Map>
<Map><Display>0BB8</Display><Character>F076</Character><Keys>21</Keys></Map>
<Map><Display>0BB7</Display><Character>F0AD</Character><Keys>5A</Keys></Map>
<Map><Display>0B9C</Display><Character>F0DB</Character><Keys>24</Keys></Map>
<Map><Display>0BB9</Display><Character>F0C7</Character><Keys>5D</Keys></Map>
<Map><Display>0B950BCD0BB7</Display><Character>F0B3</Character><Keys>42</Keys></Map>
<Map><Display>0BB80BCD0BB00BC0</Display><Character>F070</Character><Keys>5F</Keys></Map>
<Map><Display>0B950BCD</Display><Character>F0C2</Character><Keys>3B66</Keys></Map>
<Map><Display>0B990BCD</Display><Character>F0BA</Character><Keys>3B27</Keys></Map>
<Map><Display>0B9A0BCD</Display><Character>F0DF</Character><Keys>3B72</Keys></Map>
<Map><Display>0B9E0BCD</Display><Character>F0DE</Character><Keys>3B22</Keys></Map>
<Map><Display>0B9F0BCD</Display><Character>F0E2</Character><Keys>3B6C</Keys></Map>
<Map><Display>0BA30BCD</Display><Character>F0F5</Character><Keys>3B7A</Keys></Map>
<Map><Display>0BA40BCD</Display><Character>F0DD</Character><Keys>3B6A</Keys></Map>
<Map><Display>0BA80BCD</Display><Character>F0CD</Character><Keys>3B65</Keys></Map>
<Map><Display>0BAA0BCD</Display><Character>F0A9</Character><Keys>3B67</Keys></Map>
<Map><Display>0BAE0BCD</Display><Character>F044</Character><Keys>3B6B</Keys></Map>
<Map><Display>0BAF0BCD</Display><Character>F046</Character><Keys>3B61</Keys></Map>
<Map><Display>0BB00BCD</Display><Character>F0EC</Character><Keys>3B68</Keys></Map>
<Map><Display>0BB00BCD</Display><Character>F0EC</Character><Keys>3B75</Keys></Map>
<Map><Display>0BB20BCD</Display><Character>F05F</Character><Keys>3B79</Keys></Map>
<Map><Display>0BB50BCD</Display><Character>F0CB</Character><Keys>3B74</Keys></Map>
<Map><Display>0BB40BCD</Display><Character>F0B5</Character><Keys>3B48</Keys></Map>
<Map><Display>0BB30BCD</Display><Character>F05E</Character><Keys>3B73</Keys></Map>
<Map><Display>0BB10BCD</Display><Character>F075</Character><Keys>3B77</Keys></Map>
<Map><Display>0BA90BCD</Display><Character>F05B</Character><Keys>3B64</Keys></Map>
<Map><Display>0BB80BCD</Display><Character>F0FC</Character><Keys>3B21</Keys></Map>
<Map><Display>0BB70BCD</Display><Character>F069</Character><Keys>3B5A</Keys></Map>
<Map><Display>0B9C0BCD</Display><Character>F0EB</Character><Keys>3B24</Keys></Map>
<Map><Display>0BB90BCD</Display><Character>F0E3</Character><Keys>3B5D</Keys></Map>
<Map><Display>0B950BCD0BB70BCD</Display><Character>F0D5</Character><Keys>3B42</Keys></Map>
<Map><Display>0B950BBE</Display><Character>F0EFF056</Character><Keys>6668</Keys></Map>
<Map><Display>0B990BBE</Display><Character>F0F4F056</Character><Keys>2768</Keys></Map>
<Map><Display>0B9A0BBE</Display><Character>F0C4F056</Character><Keys>7268</Keys></Map>
<Map><Display>0B9E0BBE</Display><Character>F051F056</Character><Keys>2268</Keys></Map>
<Map><Display>0B9F0BBE</Display><Character>F0A6F056</Character><Keys>6C68</Keys></Map>
<Map><Display>0BA30BBE</Display><Character>F0F0F056</Character><Keys>7A68</Keys></Map>
<Map><Display>0BA40BBE</Display><Character>F03EF056</Character><Keys>6A68</Keys></Map>
<Map><Display>0BA80BBE</Display><Character>F0E5F056</Character><Keys>6568</Keys></Map>
<Map><Display>0BAA0BBE</Display><Character>F0C3F056</Character><Keys>6768</Keys></Map>
<Map><Display>0BAE0BBE</Display><Character>F05CF056</Character><Keys>6B68</Keys></Map>
<Map><Display>0BAF0BBE</Display><Character>F042F056</Character><Keys>6168</Keys></Map>
<Map><Display>0BB00BBE</Display><Character>F0ABF056</Character><Keys>7568</Keys></Map>
<Map><Display>0BB20BBE</Display><Character>F0E9F056</Character><Keys>7968</Keys></Map>
<Map><Display>0BB50BBE</Display><Character>F06BF056</Character><Keys>7468</Keys></Map>
<Map><Display>0BB40BBE</Display><Character>F077F056</Character><Keys>4868</Keys></Map>
<Map><Display>0BB30BBE</Display><Character>F0E1F056</Character><Keys>7368</Keys></Map>
<Map><Display>0BB10BBE</Display><Character>F0C5F056</Character><Keys>7768</Keys></Map>
<Map><Display>0BA90BBE</Display><Character>F0AAF056</Character><Keys>6468</Keys></Map>
<Map><Display>0BB80BBE</Display><Character>F076F056</Character><Keys>2168</Keys></Map>
<Map><Display>0BB70BBE</Display><Character>F0ADF056</Character><Keys>5A68</Keys></Map>
<Map><Display>0B9C0BBE</Display><Character>F0DBF056</Character><Keys>2468</Keys></Map>
<Map><Display>0BB90BBE</Display><Character>F0C7F056</Character><Keys>5D68</Keys></Map>
<Map><Display>0B950BCD0BB70BBE</Display><Character>F0B3F056</Character><Keys>4268</Keys></Map>
<Map><Display>0B950BBF</Display><Character>F0FE</Character><Keys>7066</Keys></Map>
<Map><Display>0B990BBF</Display><Character></Character><Keys>7027</Keys></Map>
<Map><Display>0B9A0BBF</Display><Character>F045</Character><Keys>7072</Keys></Map>
<Map><Display>0B9E0BBF</Display><Character></Character><Keys>7022</Keys></Map>
<Map><Display>0B9F0BBF</Display><Character>F0BD</Character><Keys>6F</Keys></Map>
<Map><Display>0BA30BBF</Display><Character>F0E8</Character><Keys>707A</Keys></Map>
<Map><Display>0BA40BBF</Display><Character>F05D</Character><Keys>706A</Keys></Map>
<Map><Display>0BA80BBF</Display><Character>F057</Character><Keys>7065</Keys></Map>
<Map><Display>0BAA0BBF</Display><Character>F0B8</Character><Keys>7067</Keys></Map>
<Map><Display>0BAE0BBF</Display><Character>F074</Character><Keys>706B</Keys></Map>
<Map><Display>0BAF0BBF</Display><Character>F06C</Character><Keys>7061</Keys></Map>
<Map><Display>0BB00BBF</Display><Character>F0F6</Character><Keys>7068</Keys></Map>
<Map><Display>0BB00BBF</Display><Character>F0F6</Character><Keys>7075</Keys></Map>
<Map><Display>0BB20BBF</Display><Character>F06F</Character><Keys>7079</Keys></Map>
<Map><Display>0BB50BBF</Display><Character>F073</Character><Keys>7074</Keys></Map>
<Map><Display>0BB40BBF</Display><Character>F061</Character><Keys>7048</Keys></Map>
<Map><Display>0BB30BBF</Display><Character>F0B9</Character><Keys>7073</Keys></Map>
<Map><Display>0BB10BBF</Display><Character>F0A4</Character><Keys>7077</Keys></Map>
<Map><Display>0BA90BBF</Display><Character>F04D</Character><Keys>7064</Keys></Map>
<Map><Display>0BB80BBF</Display><Character>F04C</Character><Keys>7021</Keys></Map>
<Map><Display>0BB70BBF</Display><Character>F0B4</Character><Keys>705A</Keys></Map>
<Map><Display>0B9C0BBF</Display><Character>F0F7</Character><Keys>7024</Keys></Map>
<Map><Display>0BB90BBF</Display><Character>F04E</Character><Keys>705D</Keys></Map>
<Map><Display>0B950BCD0BB70BBF</Display><Character>F048</Character><Keys>7042</Keys></Map>
<Map><Display>0B950BC0</Display><Character>F0FF</Character><Keys>5066</Keys></Map>
<Map><Display>0B990BC0</Display><Character></Character><Keys>5027</Keys></Map>
<Map><Display>0B9A0BC0</Display><Character>F0E6</Character><Keys>5072</Keys></Map>
<Map><Display>0B9E0BC0</Display><Character></Character><Keys>5022</Keys></Map>
<Map><Display>0B9F0BC0</Display><Character>F0CF</Character><Keys>4F</Keys></Map>
<Map><Display>0BA30BC0</Display><Character>F0A7</Character><Keys>507A</Keys></Map>
<Map><Display>0BA40BC0</Display><Character>F079</Character><Keys>506A</Keys></Map>
<Map><Display>0BA80BC0</Display><Character>F0C0</Character><Keys>5065</Keys></Map>
<Map><Display>0BAA0BC0</Display><Character>F0AC</Character><Keys>5067</Keys></Map>
<Map><Display>0BAE0BC0</Display><Character>F02A</Character><Keys>506B</Keys></Map>
<Map><Display>0BAF0BC0</Display><Character>F058</Character><Keys>5061</Keys></Map>
<Map><Display>0BB00BC0</Display><Character>F05A</Character><Keys>5068</Keys></Map>
<Map><Display>0BB00BC0</Display><Character>F05A</Character><Keys>5075</Keys></Map>
<Map><Display>0BB20BC0</Display><Character>F0DC</Character><Keys>5079</Keys></Map>
<Map><Display>0BB50BC0</Display><Character>F054</Character><Keys>5074</Keys></Map>
<Map><Display>0BB40BC0</Display><Character>F0D1</Character><Keys>5048</Keys></Map>
<Map><Display>0BB30BC0</Display><Character>F043</Character><Keys>5073</Keys></Map>
<Map><Display>0BB10BC0</Display><Character>F053</Character><Keys>5077</Keys></Map>
<Map><Display>0BA90BC0</Display><Character>F0CC</Character><Keys>5064</Keys></Map>
<Map><Display>0BB80BC0</Display><Character>F0A2</Character><Keys>5021</Keys></Map>
<Map><Display>0BB70BC0</Display><Character>F055</Character><Keys>505A</Keys></Map>
<Map><Display>0B9C0BC0</Display><Character>F0FD</Character><Keys>5024</Keys></Map>
<Map><Display>0BB90BC0</Display><Character>F0EA</Character><Keys>505D</Keys></Map>
<Map><Display>0B950BCD0BB70BC0</Display><Character>F0C8</Character><Keys>5042</Keys></Map>
<Map><Display>0B950BC1</Display><Character>F07A</Character><Keys>46</Keys></Map>
<Map><Display>0B990BC1</Display><Character></Character><Keys>5B27</Keys></Map>
<Map><Display>0B9A0BC1</Display><Character>F0B7</Character><Keys>52</Keys></Map>
<Map><Display>0B9E0BC1</Display><Character></Character><Keys>5B22</Keys></Map>
<Map><Display>0B9F0BC1</Display><Character>F07C</Character><Keys>4C</Keys></Map>
<Map><Display>0BA30BC1</Display><Character>F062</Character><Keys>71</Keys></Map>
<Map><Display>0BA40BC1</Display><Character>F06D</Character><Keys>4A</Keys></Map>
<Map><Display>0BA80BC1</Display><Character>F04F</Character><Keys>45</Keys></Map>
<Map><Display>0BAA0BC1</Display><Character>F041</Character><Keys>5B67</Keys></Map>
<Map><Display>0BAE0BC1</Display><Character>F078</Character><Keys>4B</Keys></Map>
<Map><Display>0BAF0BC1</Display><Character>F0A5</Character><Keys>5B61</Keys></Map>
<Map><Display>0BB00BC1</Display><Character>F0F2</Character><Keys>55</Keys></Map>
<Map><Display>0BB20BC1</Display><Character>F04B</Character><Keys>59</Keys></Map>
<Map><Display>0BB50BC1</Display><Character>F0A1</Character><Keys>5B74</Keys></Map>
<Map><Display>0BB40BC1</Display><Character>F0BF</Character><Keys>47</Keys></Map>
<Map><Display>0BB30BC1</Display><Character>F0D3</Character><Keys>53</Keys></Map>
<Map><Display>0BB10BC1</Display><Character>F0AE</Character><Keys>57</Keys></Map>
<Map><Display>0BA90BC1</Display><Character>F0D0</Character><Keys>44</Keys></Map>
<Map><Display>0BB80BC1</Display><Character>F071</Character><Keys>2125</Keys></Map>
<Map><Display>0BB70BC1</Display><Character>F0D7</Character><Keys>5A25</Keys></Map>
<Map><Display>0B9C0BC1</Display><Character>F068</Character><Keys>2425</Keys></Map>
<Map><Display>0BB90BC1</Display><Character>F0F8</Character><Keys>5D25</Keys></Map>
<Map><Display>0B950BCD0BB70BC1</Display><Character>F059</Character><Keys>4225</Keys></Map>
<Map><Display>0B950BC2</Display><Character>F0ED</Character><Keys>54</Keys></Map>
<Map><Display>0B990BC2</Display><Character></Character><Keys>7B27</Keys></Map>
<Map><Display>0B9A0BC2</Display><Character>F0F3</Character><Keys>4E</Keys></Map>
<Map><Display>0B9E0BC2</Display><Character></Character><Keys>7D22</Keys></Map>
<Map><Display>0B9F0BC2</Display><Character>F0F9</Character><Keys>3A4C</Keys></Map>
<Map><Display>0BA30BC2</Display><Character>F049</Character><Keys>7D71</Keys></Map>
<Map><Display>0BA40BC2</Display><Character>F023</Character><Keys>7D4A</Keys></Map>
<Map><Display>0BA80BC2</Display><Character>F0B1</Character><Keys>7D45</Keys></Map>
<Map><Display>0BAA0BC2</Display><Character>F0AF</Character><Keys>7B67</Keys></Map>
<Map><Display>0BAE0BC2</Display><Character>F04A</Character><Keys>3A4B</Keys></Map>
<Map><Display>0BAF0BC2</Display><Character>F052</Character><Keys>7B61</Keys></Map>
<Map><Display>0BB00BC2</Display><Character>F0D4</Character><Keys>3A55</Keys></Map>
<Map><Display>0BB20BC2</Display><Character>F0D9</Character><Keys>7D59</Keys></Map>
<Map><Display>0BB50BC2</Display><Character>F0C6</Character><Keys>7B74</Keys></Map>
<Map><Display>0BB40BC2</Display><Character>F0F1</Character><Keys>3A47</Keys></Map>
<Map><Display>0BB30BC2</Display><Character>F06A</Character><Keys>3A53</Keys></Map>
<Map><Display>0BB10BC2</Display><Character>F047</Character><Keys>7D57</Keys></Map>
<Map><Display>0BA90BC2</Display><Character>F0FB</Character><Keys>7D44</Keys></Map>
<Map><Display>0BB80BC2</Display><Character>F060</Character><Keys>215E</Keys></Map>
<Map><Display>0BB70BC2</Display><Character>F0A3</Character><Keys>5A5E</Keys></Map>
<Map><Display>0B9C0BC2</Display><Character>F0C9</Character><Keys>245E</Keys></Map>
<Map><Display>0BB90BC2</Display><Character>F0DA</Character><Keys>5D5E</Keys></Map>
<Map><Display>0B950BCD0BB70BC2</Display><Character>F066</Character><Keys>425E</Keys></Map>
<Map><Display>0B950BC6</Display><Character>F0D8F0EF</Character><Keys>6266</Keys></Map>
<Map><Display>0B990BC6</Display><Character>F0D8F0F4</Character><Keys>6227</Keys></Map>
<Map><Display>0B9A0BC6</Display><Character>F0D8F0C4</Character><Keys>6272</Keys></Map>
<Map><Display>0B9E0BC6</Display><Character>F0D8F051</Character><Keys>6222</Keys></Map>
<Map><Display>0B9F0BC6</Display><Character>F0D8F0A6</Character><Keys>626C</Keys></Map>
<Map><Display>0BA30BC6</Display><Character>F0D8F0F0</Character><Keys>627A</Keys></Map>
<Map><Display>0BA40BC6</Display><Character>F0D8F03E</Character><Keys>626A</Keys></Map>
<Map><Display>0BA80BC6</Display><Character>F0D8F0E5</Character><Keys>6265</Keys></Map>
<Map><Display>0BAA0BC6</Display><Character>F0D8F0C3</Character><Keys>6267</Keys></Map>
<Map><Display>0BAE0BC6</Display><Character>F0D8F05C</Character><Keys>626B</Keys></Map>
<Map><Display>0BAF0BC6</Display><Character>F0D8F042</Character><Keys>6261</Keys></Map>
<Map><Display>0BB00BC6</Display><Character>F0D8F0AB</Character><Keys>6275</Keys></Map>
<Map><Display>0BB20BC6</Display><Character>F0D8F0E9</Character><Keys>6279</Keys></Map>
<Map><Display>0BB50BC6</Display><Character>F0D8F06B</Character><Keys>6274</Keys></Map>
<Map><Display>0BB40BC6</Display><Character>F0D8F077</Character><Keys>6248</Keys></Map>
<Map><Display>0BB30BC6</Display><Character>F0D8F0E1</Character><Keys>6273</Keys></Map>
<Map><Display>0BB10BC6</Display><Character>F0D8F0C5</Character><Keys>6277</Keys></Map>
<Map><Display>0BA90BC6</Display><Character>F0D8F0AA</Character><Keys>6264</Keys></Map>
<Map><Display>0BB80BC6</Display><Character>F0D8F076</Character><Keys>6221</Keys></Map>
<Map><Display>0BB70BC6</Display><Character>F0D8F0AD</Character><Keys>625A</Keys></Map>
<Map><Display>0B9C0BC6</Display><Character>F0D8F0DB</Character><Keys>6224</Keys></Map>
<Map><Display>0BB90BC6</Display><Character>F0D8F0C7</Character><Keys>625D</Keys></Map>
<Map><Display>0B950BCD0BB70BC6</Display><Character>F0D8F0B3</Character><Keys>6242</Keys></Map>
<Map><Display>0B950BC7</Display><Character>F0BCF0EF</Character><Keys>6E66</Keys></Map>
<Map><Display>0B990BC7</Display><Character>F0BCF0F4</Character><Keys>6E27</Keys></Map>
<Map><Display>0B9A0BC7</Display><Character>F0BCF0C4</Character><Keys>6E72</Keys></Map>
<Map><Display>0B9E0BC7</Display><Character>F0BCF051</Character><Keys>6E22</Keys></Map>
<Map><Display>0B9F0BC7</Display><Character>F0BCF0A6</Character><Keys>6E6C</Keys></Map>
<Map><Display>0BA30BC7</Display><Character>F0BCF0F0</Character><Keys>6E7A</Keys></Map>
<Map><Display>0BA40BC7</Display><Character>F0BCF03E</Character><Keys>6E6A</Keys></Map>
<Map><Display>0BA80BC7</Display><Character>F0BCF0E5</Character><Keys>6E65</Keys></Map>
<Map><Display>0BAA0BC7</Display><Character>F0BCF0C3</Character><Keys>6E67</Keys></Map>
<Map><Display>0BAE0BC7</Display><Character>F0BCF05C</Character><Keys>6E6B</Keys></Map>
<Map><Display>0BAF0BC7</Display><Character>F0BCF042</Character><Keys>6E61</Keys></Map>
<Map><Display>0BB00BC7</Display><Character>F0BCF0AB</Character><Keys>6E75</Keys></Map>
<Map><Display>0BB20BC7</Display><Character>F0BCF0E9</Character><Keys>6E79</Keys></Map>
<Map><Display>0BB50BC7</Display><Character>F0BCF06B</Character><Keys>6E74</Keys></Map>
<Map><Display>0BB40BC7</Display><Character>F0BCF077</Character><Keys>6E48</Keys></Map>
<Map><Display>0BB30BC7</Display><Character>F0BCF0E1</Character><Keys>6E73</Keys></Map>
<Map><Display>0BB10BC7</Display><Character>F0BCF0C5</Character><Keys>6E77</Keys></Map>
<Map><Display>0BA90BC7</Display><Character>F0BCF0AA</Character><Keys>6E64</Keys></Map>
<Map><Display>0BB80BC7</Display><Character>F0BCF076</Character><Keys>6E21</Keys></Map>
<Map><Display>0BB70BC7</Display><Character>F0BCF0AD</Character><Keys>6E5A</Keys></Map>
<Map><Display>0B9C0BC7</Display><Character>F0BCF0DB</Character><Keys>6E24</Keys></Map>
<Map><Display>0BB90BC7</Display><Character>F0BCF0C7</Character><Keys>6E5D</Keys></Map>
<Map><Display>0B950BCD0BB70BC7</Display><Character>F0BCF0B3</Character><Keys>6E42</Keys></Map>
<Map><Display>0B950BC8</Display><Character>F0E7F0EF</Character><Keys>6966</Keys></Map>
<Map><Display>0B990BC8</Display><Character>F0E7F0F4</Character><Keys>6927</Keys></Map>
<Map><Display>0B9A0BC8</Display><Character>F0E7F0C4</Character><Keys>6972</Keys></Map>
<Map><Display>0B9E0BC8</Display><Character>F0E7F051</Character><Keys>6922</Keys></Map>
<Map><Display>0B9F0BC8</Display><Character>F0E7F0A6</Character><Keys>696C</Keys></Map>
<Map><Display>0BA30BC8</Display><Character>F0E7F0F0</Character><Keys>697A</Keys></Map>
<Map><Display>0BA40BC8</Display><Character>F0E7F03E</Character><Keys>696A</Keys></Map>
<Map><Display>0BA80BC8</Display><Character>F0E7F0E5</Character><Keys>6965</Keys></Map>
<Map><Display>0BAA0BC8</Display><Character>F0E7F0C3</Character><Keys>6967</Keys></Map>
<Map><Display>0BAE0BC8</Display><Character>F0E7F05C</Character><Keys>696B</Keys></Map>
<Map><Display>0BAF0BC8</Display><Character>F0E7F042</Character><Keys>6961</Keys></Map>
<Map><Display>0BB00BC8</Display><Character>F0E7F0AB</Character><Keys>6975</Keys></Map>
<Map><Display>0BB20BC8</Display><Character>F0E7F0E9</Character><Keys>6979</Keys></Map>
<Map><Display>0BB50BC8</Display><Character>F0E7F06B</Character><Keys>6974</Keys></Map>
<Map><Display>0BB40BC8</Display><Character>F0E7F077</Character><Keys>6948</Keys></Map>
<Map><Display>0BB30BC8</Display><Character>F0E7F0E1</Character><Keys>6973</Keys></Map>
<Map><Display>0BB10BC8</Display><Character>F0E7F0C5</Character><Keys>6977</Keys></Map>
<Map><Display>0BA90BC8</Display><Character>F0E7F0AA</Character><Keys>6964</Keys></Map>
<Map><Display>0BB80BC8</Display><Character>F0E7F076</Character><Keys>6921</Keys></Map>
<Map><Display>0BB70BC8</Display><Character>F0E7F0AD</Character><Keys>695A</Keys></Map>
<Map><Display>0B9C0BC8</Display><Character>F0E7F0DB</Character><Keys>6924</Keys></Map>
<Map><Display>0BB90BC8</Display><Character>F0E7F0C7</Character><Keys>695D</Keys></Map>
<Map><Display>0B950BCD0BB70BC8</Display><Character>F0E7F0B3</Character><Keys>6942</Keys></Map>
<Map><Display>0B950BCA</Display><Character>F0D8F0EFF056</Character><Keys>626668</Keys></Map>
<Map><Display>0B990BCA</Display><Character>F0D8F0F4F056</Character><Keys>622768</Keys></Map>
<Map><Display>0B9A0BCA</Display><Character>F0D8F0C4F056</Character><Keys>627268</Keys></Map>
<Map><Display>0B9E0BCA</Display><Character>F0D8F051F056</Character><Keys>622268</Keys></Map>
<Map><Display>0B9F0BCA</Display><Character>F0D8F0A6F056</Character><Keys>626C68</Keys></Map>
<Map><Display>0BA30BCA</Display><Character>F0D8F0F0F056</Character><Keys>627A68</Keys></Map>
<Map><Display>0BA40BCA</Display><Character>F0D8F03EF056</Character><Keys>626A68</Keys></Map>
<Map><Display>0BA80BCA</Display><Character>F0D8F0E5F056</Character><Keys>626568</Keys></Map>
<Map><Display>0BAA0BCA</Display><Character>F0D8F0C3F056</Character><Keys>626768</Keys></Map>
<Map><Display>0BAE0BCA</Display><Character>F0D8F05CF056</Character><Keys>626B68</Keys></Map>
<Map><Display>0BAF0BCA</Display><Character>F0D8F042F056</Character><Keys>626168</Keys></Map>
<Map><Display>0BB00BCA</Display><Character>F0D8F0ABF056</Character><Keys>627568</Keys></Map>
<Map><Display>0BB20BCA</Display><Character>F0D8F0E9F056</Character><Keys>627968</Keys></Map>
<Map><Display>0BB50BCA</Display><Character>F0D8F06BF056</Character><Keys>627468</Keys></Map>
<Map><Display>0BB40BCA</Display><Character>F0D8F077F056</Character><Keys>624868</Keys></Map>
<Map><Display>0BB30BCA</Display><Character>F0D8F0E1F056</Character><Keys>627368</Keys></Map>
<Map><Display>0BB10BCA</Display><Character>F0D8F0C5F056</Character><Keys>627768</Keys></Map>
<Map><Display>0BA90BCA</Display><Character>F0D8F0AAF056</Character><Keys>626468</Keys></Map>
<Map><Display>0BB80BCA</Display><Character>F0D8F076F056</Character><Keys>622168</Keys></Map>
<Map><Display>0BB70BCA</Display><Character>F0D8F0ADF056</Character><Keys>625A68</Keys></Map>
<Map><Display>0B9C0BCA</Display><Character>F0D8F0DBF056</Character><Keys>622468</Keys></Map>
<Map><Display>0BB90BCA</Display><Character>F0D8F0C7F056</Character><Keys>625D68</Keys></Map>
<Map><Display>0B950BCD0BB70BCA</Display><Character>F0D8F0B3F056</Character><Keys>624268</Keys></Map>
<Map><Display>0B950BCB</Display><Character>F0BCF0EFF056</Character><Keys>6E6668</Keys></Map>
<Map><Display>0B990BCB</Display><Character>F0BCF0F4F056</Character><Keys>6E2768</Keys></Map>
<Map><Display>0B9A0BCB</Display><Character>F0BCF0C4F056</Character><Keys>6E7268</Keys></Map>
<Map><Display>0B9E0BCB</Display><Character>F0BCF051F056</Character><Keys>6E2268</Keys></Map>
<Map><Display>0B9F0BCB</Display><Character>F0BCF0A6F056</Character><Keys>6E6C68</Keys></Map>
<Map><Display>0BA30BCB</Display><Character>F0BCF0F0F056</Character><Keys>6E7A68</Keys></Map>
<Map><Display>0BA40BCB</Display><Character>F0BCF03EF056</Character><Keys>6E6A68</Keys></Map>
<Map><Display>0BA80BCB</Display><Character>F0BCF0E5F056</Character><Keys>6E6568</Keys></Map>
<Map><Display>0BAA0BCB</Display><Character>F0BCF0C3F056</Character><Keys>6E6768</Keys></Map>
<Map><Display>0BAE0BCB</Display><Character>F0BCF05CF056</Character><Keys>6E6B68</Keys></Map>
<Map><Display>0BAF0BCB</Display><Character>F0BCF042F056</Character><Keys>6E6168</Keys></Map>
<Map><Display>0BB00BCB</Display><Character>F0BCF0ABF056</Character><Keys>6E7568</Keys></Map>
<Map><Display>0BB20BCB</Display><Character>F0BCF0E9F056</Character><Keys>6E7968</Keys></Map>
<Map><Display>0BB50BCB</Display><Character>F0BCF06BF056</Character><Keys>6E7468</Keys></Map>
<Map><Display>0BB40BCB</Display><Character>F0BCF077F056</Character><Keys>6E4868</Keys></Map>
<Map><Display>0BB30BCB</Display><Character>F0BCF0E1F056</Character><Keys>6E7368</Keys></Map>
<Map><Display>0BB10BCB</Display><Character>F0BCF0C5F056</Character><Keys>6E7768</Keys></Map>
<Map><Display>0BA90BCB</Display><Character>F0BCF0AAF056</Character><Keys>6E6468</Keys></Map>
<Map><Display>0BB80BCB</Display><Character>F0BCF076F056</Character><Keys>6E2168</Keys></Map>
<Map><Display>0BB70BCB</Display><Character>F0BCF0ADF056</Character><Keys>6E5A68</Keys></Map>
<Map><Display>0B9C0BCB</Display><Character>F0BCF0DBF056</Character><Keys>6E2468</Keys></Map>
<Map><Display>0BB90BCB</Display><Character>F0BCF0C7F056</Character><Keys>6E5D68</Keys></Map>
<Map><Display>0B950BCD0BB70BCB</Display><Character>F0BCF0B3F056</Character><Keys>6E4268</Keys></Map>
<Map><Display>0B950BCC</Display><Character>F0D8F0EFF0E1</Character><Keys>626673</Keys></Map>
<Map><Display>0B990BCC</Display><Character>F0D8F0F4F0E1</Character><Keys>622773</Keys></Map>
<Map><Display>0B9A0BCC</Display><Character>F0D8F0C4F0E1</Character><Keys>627273</Keys></Map>
<Map><Display>0B9E0BCC</Display><Character>F0D8F051F0E1</Character><Keys>622273</Keys></Map>
<Map><Display>0B9F0BCC</Display><Character>F0D8F0A6F0E1</Character><Keys>626C73</Keys></Map>
<Map><Display>0BA30BCC</Display><Character>F0D8F0F0F0E1</Character><Keys>627A73</Keys></Map>
<Map><Display>0BA40BCC</Display><Character>F0D8F03EF0E1</Character><Keys>626A73</Keys></Map>
<Map><Display>0BA80BCC</Display><Character>F0D8F0E5F0E1</Character><Keys>626573</Keys></Map>
<Map><Display>0BAA0BCC</Display><Character>F0D8F0C3F0E1</Character><Keys>626773</Keys></Map>
<Map><Display>0BAE0BCC</Display><Character>F0D8F05CF0E1</Character><Keys>626B73</Keys></Map>
<Map><Display>0BAF0BCC</Display><Character>F0D8F042F0E1</Character><Keys>626173</Keys></Map>
<Map><Display>0BB00BCC</Display><Character>F0D8F0ABF0E1</Character><Keys>627573</Keys></Map>
<Map><Display>0BB20BCC</Display><Character>F0D8F0E9F0E1</Character><Keys>627973</Keys></Map>
<Map><Display>0BB50BCC</Display><Character>F0D8F06BF0E1</Character><Keys>627473</Keys></Map>
<Map><Display>0BB40BCC</Display><Character>F0D8F077F0E1</Character><Keys>624873</Keys></Map>
<Map><Display>0BB30BCC</Display><Character>F0D8F0E1F0E1</Character><Keys>627373</Keys></Map>
<Map><Display>0BB10BCC</Display><Character>F0D8F0C5F0E1</Character><Keys>627773</Keys></Map>
<Map><Display>0BA90BCC</Display><Character>F0D8F0AAF0E1</Character><Keys>626473</Keys></Map>
<Map><Display>0BB80BCC</Display><Character>F0D8F076F0E1</Character><Keys>622168</Keys></Map>
<Map><Display>0BB70BCC</Display><Character>F0D8F0ADF0E1</Character><Keys>625A73</Keys></Map>
<Map><Display>0B9C0BCC</Display><Character>F0D8F0DBF0E1</Character><Keys>622473</Keys></Map>
<Map><Display>0BB90BCC</Display><Character>F0D8F0C7F0E1</Character><Keys>625D73</Keys></Map>
<Map><Display>0B950BCD0BB70BCC</Display><Character>F0D8F0B3F0E1</Character><Keys>624273</Keys></Map>
<Map><Display>0B920BB30BCD</Display><Character>F0CEF05E</Character><Keys>783B73</Keys></Map>
<Map><Display>0B950BC60BB30BCD</Display><Character>F0D8F0EFF05E</Character><Keys>62663B73</Keys></Map>
<Map><Display>0B990BC60BB30BCD</Display><Character>F0D8F0F4F05E</Character><Keys>62273B73</Keys></Map>
<Map><Display>0B9A0BC60BB30BCD</Display><Character>F0D8F0C4F05E</Character><Keys>62723B73</Keys></Map>
<Map><Display>0B9E0BC60BB30BCD</Display><Character>F0D8F051F05E</Character><Keys>62223B73</Keys></Map>
<Map><Display>0B9F0BC60BB30BCD</Display><Character>F0D8F0A6F05E</Character><Keys>626C3B73</Keys></Map>
<Map><Display>0BA30BC60BB30BCD</Display><Character>F0D8F0F0F05E</Character><Keys>627A3B73</Keys></Map>
<Map><Display>0BA40BC60BB30BCD</Display><Character>F0D8F03EF05E</Character><Keys>626A3B73</Keys></Map>
<Map><Display>0BA80BC60BB30BCD</Display><Character>F0D8F0E5F05E</Character><Keys>62653B73</Keys></Map>
<Map><Display>0BAA0BC60BB30BCD</Display><Character>F0D8F0C3F05E</Character><Keys>62673B73</Keys></Map>
<Map><Display>0BAE0BC60BB30BCD</Display><Character>F0D8F05CF05E</Character><Keys>626B3B73</Keys></Map>
<Map><Display>0BAF0BC60BB30BCD</Display><Character>F0D8F042F05E</Character><Keys>62653B73</Keys></Map>
<Map><Display>0BB00BC60BB30BCD</Display><Character>F0D8F0ABF05E</Character><Keys>62753B73</Keys></Map>
<Map><Display>0BB20BC60BB30BCD</Display><Character>F0D8F0E9F05E</Character><Keys>62793B73</Keys></Map>
<Map><Display>0BB50BC60BB30BCD</Display><Character>F0D8F06BF05E</Character><Keys>62743B73</Keys></Map>
<Map><Display>0BB40BC60BB30BCD</Display><Character>F0D8F077F05E</Character><Keys>62483B73</Keys></Map>
<Map><Display>0BB30BC60BB30BCD</Display><Character>F0D8F0E1F05E</Character><Keys>62733B73</Keys></Map>
<Map><Display>0BB10BC60BB30BCD</Display><Character>F0D8F0C5F05E</Character><Keys>62773B73</Keys></Map>
<Map><Display>0BA90BC60BB30BCD</Display><Character>F0D8F0AAF05E</Character><Keys>62643B73</Keys></Map>
<Map><Display>0BB80BC60BB30BCD</Display><Character>F0D8F076F05E</Character><Keys>62213B73</Keys></Map>
<Map><Display>0BB70BC60BB30BCD</Display><Character>F0D8F0ADF05E</Character><Keys>625A3B73</Keys></Map>
<Map><Display>0B9C0BC60BB30BCD</Display><Character>F0D8F0DBF05E</Character><Keys>62243B73</Keys></Map>
<Map><Display>0BB90BC60BB30BCD</Display><Character>F0D8F0C7F05E</Character><Keys>625D3B73</Keys></Map>
<Map><Display>0B950BCD0BB70BC60BB30BCD</Display><Character>F0D8F0B3F05E</Character><Keys>62423B73</Keys></Map>
<Map><Display>0B920BB30BBE</Display><Character>F0CEF0E1F056</Character><Keys>787368</Keys></Map>
<Map><Display>0B950BC60BB30BBE</Display><Character>F0D8F0EFF0E1F056</Character><Keys>62667368</Keys></Map>
<Map><Display>0B990BC60BB30BBE</Display><Character>F0D8F0F4F0E1F056</Character><Keys>62277368</Keys></Map>
<Map><Display>0B9A0BC60BB30BBE</Display><Character>F0D8F0C4F0E1F056</Character><Keys>62727368</Keys></Map>
<Map><Display>0B9E0BC60BB30BBE</Display><Character>F0D8F051F0E1F056</Character><Keys>62227368</Keys></Map>
<Map><Display>0B9F0BC60BB30BBE</Display><Character>F0D8F0A6F0E1F056</Character><Keys>626C7368</Keys></Map>
<Map><Display>0BA30BC60BB30BBE</Display><Character>F0D8F0F0F0E1F056</Character><Keys>627A7368</Keys></Map>
<Map><Display>0BA40BC60BB30BBE</Display><Character>F0D8F03EF0E1F056</Character><Keys>626A7368</Keys></Map>
<Map><Display>0BA80BC60BB30BBE</Display><Character>F0D8F0E5F0E1F056</Character><Keys>62657368</Keys></Map>
<Map><Display>0BAA0BC60BB30BBE</Display><Character>F0D8F0C3F0E1F056</Character><Keys>62677368</Keys></Map>
<Map><Display>0BAE0BC60BB30BBE</Display><Character>F0D8F05CF0E1F056</Character><Keys>626B7368</Keys></Map>
<Map><Display>0BAF0BC60BB30BBE</Display><Character>F0D8F042F0E1F056</Character><Keys>62657368</Keys></Map>
<Map><Display>0BB00BC60BB30BBE</Display><Character>F0D8F0ABF0E1F056</Character><Keys>62757368</Keys></Map>
<Map><Display>0BB20BC60BB30BBE</Display><Character>F0D8F0E9F0E1F056</Character><Keys>62797368</Keys></Map>
<Map><Display>0BB50BC60BB30BBE</Display><Character>F0D8F06BF0E1F056</Character><Keys>62747368</Keys></Map>
<Map><Display>0BB40BC60BB30BBE</Display><Character>F0D8F077F0E1F056</Character><Keys>62487368</Keys></Map>
<Map><Display>0BB30BC60BB30BBE</Display><Character>F0D8F0E1F0E1F056</Character><Keys>62737368</Keys></Map>
<Map><Display>0BB10BC60BB30BBE</Display><Character>F0D8F0C5F0E1F056</Character><Keys>62777368</Keys></Map>
<Map><Display>0BA90BC60BB30BBE</Display><Character>F0D8F0AAF0E1F056</Character><Keys>62647368</Keys></Map>
<Map><Display>0BB80BC60BB30BBE</Display><Character>F0D8F076F0E1F056</Character><Keys>62217368</Keys></Map>
<Map><Display>0BB70BC60BB30BBE</Display><Character>F0D8F0ADF0E1F056</Character><Keys>625A7368</Keys></Map>
<Map><Display>0B9C0BC60BB30BBE</Display><Character>F0D8F0DBF0E1F056</Character><Keys>62247368</Keys></Map>
<Map><Display>0BB90BC60BB30BBE</Display><Character>F0D8F0C7F0E1F056</Character><Keys>625D7368</Keys></Map>
<Map><Display>0B950BCD0BB70BC60BB30BBE</Display><Character>F0D8F0B3F0E1F056</Character><Keys>62427368</Keys></Map>
<Map><Display>0B920BB30BBF</Display><Character>F0CEF0B9</Character><Keys>787073</Keys></Map>
<Map><Display>0B950BC60BB30BBF</Display><Character>F0D8F0EFF0B9</Character><Keys>62667073</Keys></Map>
<Map><Display>0B990BC60BB30BBF</Display><Character>F0D8F0F4F0B9</Character><Keys>62277073</Keys></Map>
<Map><Display>0B9A0BC60BB30BBF</Display><Character>F0D8F0C4F0B9</Character><Keys>62727073</Keys></Map>
<Map><Display>0B9E0BC60BB30BBF</Display><Character>F0D8F051F0B9</Character><Keys>62227073</Keys></Map>
<Map><Display>0B9F0BC60BB30BBF</Display><Character>F0D8F0A6F0B9</Character><Keys>626C7073</Keys></Map>
<Map><Display>0BA30BC60BB30BBF</Display><Character>F0D8F0F0F0B9</Character><Keys>627A7073</Keys></Map>
<Map><Display>0BA40BC60BB30BBF</Display><Character>F0D8F03EF0B9</Character><Keys>626A7073</Keys></Map>
<Map><Display>0BA80BC60BB30BBF</Display><Character>F0D8F0E5F0B9</Character><Keys>62657073</Keys></Map>
<Map><Display>0BAA0BC60BB30BBF</Display><Character>F0D8F0C3F0B9</Character><Keys>62677073</Keys></Map>
<Map><Display>0BAE0BC60BB30BBF</Display><Character>F0D8F05CF0B9</Character><Keys>626B7073</Keys></Map>
<Map><Display>0BAF0BC60BB30BBF</Display><Character>F0D8F042F0B9</Character><Keys>62657073</Keys></Map>
<Map><Display>0BB00BC60BB30BBF</Display><Character>F0D8F0ABF0B9</Character><Keys>62757073</Keys></Map>
<Map><Display>0BB20BC60BB30BBF</Display><Character>F0D8F0E9F0B9</Character><Keys>62797073</Keys></Map>
<Map><Display>0BB50BC60BB30BBF</Display><Character>F0D8F06BF0B9</Character><Keys>62747073</Keys></Map>
<Map><Display>0BB40BC60BB30BBF</Display><Character>F0D8F077F0B9</Character><Keys>62487073</Keys></Map>
<Map><Display>0BB30BC60BB30BBF</Display><Character>F0D8F0E1F0B9</Character><Keys>62737073</Keys></Map>
<Map><Display>0BB10BC60BB30BBF</Display><Character>F0D8F0C5F0B9</Character><Keys>62777073</Keys></Map>
<Map><Display>0BA90BC60BB30BBF</Display><Character>F0D8F0AAF0B9</Character><Keys>62647073</Keys></Map>
<Map><Display>0BB80BC60BB30BBF</Display><Character>F0D8F076F0B9</Character><Keys>62217073</Keys></Map>
<Map><Display>0BB70BC60BB30BBF</Display><Character>F0D8F0ADF0B9</Character><Keys>625A7073</Keys></Map>
<Map><Display>0B9C0BC60BB30BBF</Display><Character>F0D8F0DBF0B9</Character><Keys>62247073</Keys></Map>
<Map><Display>0BB90BC60BB30BBF</Display><Character>F0D8F0C7F0B9</Character><Keys>625D7073</Keys></Map>
<Map><Display>0B950BCD0BB70BC60BB30BBF</Display><Character>F0D8F0B3F0B9</Character><Keys>62427073</Keys></Map>
<Map><Display>0B920BB30BC0</Display><Character></Character>F0CEF043<Keys>785073</Keys></Map>
<Map><Display>0B950BC60BB30BC0</Display><Character>F0D8F0EFF043</Character><Keys>62665073</Keys></Map>
<Map><Display>0B990BC60BB30BC0</Display><Character>F0D8F0F4F043</Character><Keys>62275073</Keys></Map>
<Map><Display>0B9A0BC60BB30BC0</Display><Character>F0D8F0C4F043</Character><Keys>62725073</Keys></Map>
<Map><Display>0B9E0BC60BB30BC0</Display><Character>F0D8F051F043</Character><Keys>62225073</Keys></Map>
<Map><Display>0B9F0BC60BB30BC0</Display><Character>F0D8F0A6F043</Character><Keys>626C5073</Keys></Map>
<Map><Display>0BA30BC60BB30BC0</Display><Character>F0D8F0F0F043</Character><Keys>627A5073</Keys></Map>
<Map><Display>0BA40BC60BB30BC0</Display><Character>F0D8F03EF043</Character><Keys>626A5073</Keys></Map>
<Map><Display>0BA80BC60BB30BC0</Display><Character>F0D8F0E5F043</Character><Keys>62655073</Keys></Map>
<Map><Display>0BAA0BC60BB30BC0</Display><Character>F0D8F0C3F043</Character><Keys>62675073</Keys></Map>
<Map><Display>0BAE0BC60BB30BC0</Display><Character>F0D8F05CF043</Character><Keys>626B5073</Keys></Map>
<Map><Display>0BAF0BC60BB30BC0</Display><Character>F0D8F042F043</Character><Keys>62655073</Keys></Map>
<Map><Display>0BB00BC60BB30BC0</Display><Character>F0D8F0ABF043</Character><Keys>62755073</Keys></Map>
<Map><Display>0BB20BC60BB30BC0</Display><Character>F0D8F0E9F043</Character><Keys>62795073</Keys></Map>
<Map><Display>0BB50BC60BB30BC0</Display><Character>F0D8F06BF043</Character><Keys>62745073</Keys></Map>
<Map><Display>0BB40BC60BB30BC0</Display><Character>F0D8F077F043</Character><Keys>62485073</Keys></Map>
<Map><Display>0BB30BC60BB30BC0</Display><Character>F0D8F0E1F043</Character><Keys>62735073</Keys></Map>
<Map><Display>0BB10BC60BB30BC0</Display><Character>F0D8F0C5F043</Character><Keys>62775073</Keys></Map>
<Map><Display>0BA90BC60BB30BC0</Display><Character>F0D8F0AAF043</Character><Keys>62645073</Keys></Map>
<Map><Display>0BB80BC60BB30BC0</Display><Character>F0D8F076F043</Character><Keys>62215073</Keys></Map>
<Map><Display>0BB70BC60BB30BC0</Display><Character>F0D8F0ADF043</Character><Keys>625A5073</Keys></Map>
<Map><Display>0B9C0BC60BB30BC0</Display><Character>F0D8F0DBF043</Character><Keys>62245073</Keys></Map>
<Map><Display>0BB90BC60BB30BC0</Display><Character>F0D8F0C7F043</Character><Keys>625D5073</Keys></Map>
<Map><Display>0B950BCD0BB70BC60BB30BC0</Display><Character>F0D8F0B3F043</Character><Keys>62425073</Keys></Map>
<Map><Display>0B920BB30BC1</Display><Character>F0CEF0D3</Character><Keys>7853</Keys></Map>
<Map><Display>0B950BC60BB30BC1</Display><Character>F0D8F0EFF0D3</Character><Keys>626653</Keys></Map>
<Map><Display>0B990BC60BB30BC1</Display><Character>F0D8F0F4F0D3</Character><Keys>622753</Keys></Map>
<Map><Display>0B9A0BC60BB30BC1</Display><Character>F0D8F0C4F0D3</Character><Keys>627253</Keys></Map>
<Map><Display>0B9E0BC60BB30BC1</Display><Character>F0D8F051F0D3</Character><Keys>622253</Keys></Map>
<Map><Display>0B9F0BC60BB30BC1</Display><Character>F0D8F0A6F0D3</Character><Keys>626C53</Keys></Map>
<Map><Display>0BA30BC60BB30BC1</Display><Character>F0D8F0F0F0D3</Character><Keys>627A53</Keys></Map>
<Map><Display>0BA40BC60BB30BC1</Display><Character>F0D8F03EF0D3</Character><Keys>626A53</Keys></Map>
<Map><Display>0BA80BC60BB30BC1</Display><Character>F0D8F0E5F0D3</Character><Keys>626553</Keys></Map>
<Map><Display>0BAA0BC60BB30BC1</Display><Character>F0D8F0C3F0D3</Character><Keys>626753</Keys></Map>
<Map><Display>0BAE0BC60BB30BC1</Display><Character>F0D8F05CF0D3</Character><Keys>626B53</Keys></Map>
<Map><Display>0BAF0BC60BB30BC1</Display><Character>F0D8F042F0D3</Character><Keys>626553</Keys></Map>
<Map><Display>0BB00BC60BB30BC1</Display><Character>F0D8F0ABF0D3</Character><Keys>627553</Keys></Map>
<Map><Display>0BB20BC60BB30BC1</Display><Character>F0D8F0E9F0D3</Character><Keys>627953</Keys></Map>
<Map><Display>0BB50BC60BB30BC1</Display><Character>F0D8F06BF0D3</Character><Keys>627453</Keys></Map>
<Map><Display>0BB40BC60BB30BC1</Display><Character>F0D8F077F0D3</Character><Keys>624853</Keys></Map>
<Map><Display>0BB30BC60BB30BC1</Display><Character>F0D8F0E1F0D3</Character><Keys>627353</Keys></Map>
<Map><Display>0BB10BC60BB30BC1</Display><Character>F0D8F0C5F0D3</Character><Keys>627753</Keys></Map>
<Map><Display>0BA90BC60BB30BC1</Display><Character>F0D8F0AAF0D3</Character><Keys>626453</Keys></Map>
<Map><Display>0BB80BC60BB30BC1</Display><Character>F0D8F076F0D3</Character><Keys>622153</Keys></Map>
<Map><Display>0BB70BC60BB30BC1</Display><Character>F0D8F0ADF0D3</Character><Keys>625A53</Keys></Map>
<Map><Display>0B9C0BC60BB30BC1</Display><Character>F0D8F0DBF0D3</Character><Keys>622453</Keys></Map>
<Map><Display>0BB90BC60BB30BC1</Display><Character>F0D8F0C7F0D3</Character><Keys>625D53</Keys></Map>
<Map><Display>0B950BCD0BB70BC60BB30BC1</Display><Character>F0D8F0B3F0D3</Character><Keys>624253</Keys></Map>
<Map><Display>0B920BB30BC2</Display><Character>F0CEF06A</Character><Keys>783A53</Keys></Map>
<Map><Display>0B950BC60BB30BC2</Display><Character>F0D8F0EFF06A</Character><Keys>62663A53</Keys></Map>
<Map><Display>0B990BC60BB30BC2</Display><Character>F0D8F0F4F06A</Character><Keys>62273A53</Keys></Map>
<Map><Display>0B9A0BC60BB30BC2</Display><Character>F0D8F0C4F06A</Character><Keys>62723A53</Keys></Map>
<Map><Display>0B9E0BC60BB30BC2</Display><Character>F0D8F051F06A</Character><Keys>62223A53</Keys></Map>
<Map><Display>0B9F0BC60BB30BC2</Display><Character>F0D8F0A6F06A</Character><Keys>626C3A53</Keys></Map>
<Map><Display>0BA30BC60BB30BC2</Display><Character>F0D8F0F0F06A</Character><Keys>627A3A53</Keys></Map>
<Map><Display>0BA40BC60BB30BC2</Display><Character>F0D8F03EF06A</Character><Keys>626A3A53</Keys></Map>
<Map><Display>0BA80BC60BB30BC2</Display><Character>F0D8F0E5F06A</Character><Keys>62653A53</Keys></Map>
<Map><Display>0BAA0BC60BB30BC2</Display><Character>F0D8F0C3F06A</Character><Keys>62673A53</Keys></Map>
<Map><Display>0BAE0BC60BB30BC2</Display><Character>F0D8F05CF06A</Character><Keys>626B3A53</Keys></Map>
<Map><Display>0BAF0BC60BB30BC2</Display><Character>F0D8F042F06A</Character><Keys>62653A53</Keys></Map>
<Map><Display>0BB00BC60BB30BC2</Display><Character>F0D8F0ABF06A</Character><Keys>62753A53</Keys></Map>
<Map><Display>0BB20BC60BB30BC2</Display><Character>F0D8F0E9F06A</Character><Keys>62793A53</Keys></Map>
<Map><Display>0BB50BC60BB30BC2</Display><Character>F0D8F06BF06A</Character><Keys>62743A53</Keys></Map>
<Map><Display>0BB40BC60BB30BC2</Display><Character>F0D8F077F06A</Character><Keys>62483A53</Keys></Map>
<Map><Display>0BB30BC60BB30BC2</Display><Character>F0D8F0E1F06A</Character><Keys>62733A53</Keys></Map>
<Map><Display>0BB10BC60BB30BC2</Display><Character>F0D8F0C5F06A</Character><Keys>62773A53</Keys></Map>
<Map><Display>0BA90BC60BB30BC2</Display><Character>F0D8F0AAF06A</Character><Keys>62643A53</Keys></Map>
<Map><Display>0BB80BC60BB30BC2</Display><Character>F0D8F076F06A</Character><Keys>62213A53</Keys></Map>
<Map><Display>0BB70BC60BB30BC2</Display><Character>F0D8F0ADF06A</Character><Keys>625A3A53</Keys></Map>
<Map><Display>0B9C0BC60BB30BC2</Display><Character>F0D8F0DBF06A</Character><Keys>62243A53</Keys></Map>
<Map><Display>0BB90BC60BB30BC2</Display><Character>F0D8F0C7F06A</Character><Keys>625D3A53</Keys></Map>
<Map><Display>0B950BCD0BB70BC60BB30BC2</Display><Character>F0D8F0B3F06A</Character><Keys>62423A53</Keys></Map>
<Map><Display>0BCD</Display><Character></Character><Keys>3B</Keys></Map>
<Map><Display>0BBE</Display><Character>F056</Character><Keys>68</Keys></Map>
<Map><Display>0BBF</Display><Character></Character><Keys>70</Keys></Map>
<Map><Display>0BC0</Display><Character></Character><Keys>50</Keys></Map>
<Map><Display>2022</Display><Character></Character><Keys>2A</Keys></Map>
<Map><Display>201C</Display><Character>F022F022</Character><Keys>5C5C</Keys></Map>
<Map><Display>201D</Display><Character>F027F027</Character><Keys>7C7C</Keys></Map>
<Map><Display>0020</Display><Character>0020</Character><Keys>20</Keys></Map>
<Map><Display>0025</Display><Character>F025</Character><Keys>23</Keys></Map>
<Map><Display>2018</Display><Character>F022</Character><Keys>5C</Keys></Map>
<Map><Display>2019</Display><Character>F027</Character><Keys>7C</Keys></Map>
<Map><Display>0028</Display><Character>F028</Character><Keys>28</Keys></Map>
<Map><Display>0029</Display><Character>F029</Character><Keys>29</Keys></Map>
<Map><Display>002A</Display><Character>F02A</Character><Keys>7E</Keys></Map>
<Map><Display>002B</Display><Character>F02B</Character><Keys>2B</Keys></Map>
<Map><Display>002C</Display><Character>F02C</Character><Keys>2F</Keys></Map>
<Map><Display>002D</Display><Character>F02D</Character><Keys>3F</Keys></Map>
<Map><Display>002E</Display><Character>F02E</Character><Keys>2E</Keys></Map>
<Map><Display>002F</Display><Character>F02F</Character><Keys>2D</Keys></Map>
<Map><Display>0030</Display><Character>F030</Character><Keys>30</Keys></Map>
<Map><Display>0031</Display><Character>F031</Character><Keys>31</Keys></Map>
<Map><Display>0032</Display><Character>F032</Character><Keys>32</Keys></Map>
<Map><Display>0033</Display><Character>F033</Character><Keys>33</Keys></Map>
<Map><Display>0034</Display><Character>F034</Character><Keys>34</Keys></Map>
<Map><Display>0035</Display><Character>F035</Character><Keys>35</Keys></Map>
<Map><Display>0036</Display><Character>F036</Character><Keys>36</Keys></Map>
<Map><Display>0037</Display><Character>F037</Character><Keys>37</Keys></Map>
<Map><Display>0038</Display><Character>F038</Character><Keys>38</Keys></Map>
<Map><Display>0039</Display><Character>F039</Character><Keys>39</Keys></Map>
<Map><Display>003D</Display><Character>F03D</Character><Keys>3D</Keys></Map>
<Map><Display>003F</Display><Character>F03F</Character><Keys>3E</Keys></Map>
</Data>
</Table>